algorithm,mode,patient_id,clean_prob,adv_prob,success,confidence_drop,efficiency,l2_norm,linf_norm,l0_norm,param_c,param_kappa,param_steps,param_lr
cw,lesion,0c5dc7d1-7022-4e46-bc02-ff9999912edd,0.518,0.518,0.0,0.0,0.0,0.0,0.0,0,50.0,0.01,1000,0.05
cw,lesion,bf842c92-c6ed-4be4-b188-c05ec8bf8dc2,0.5225,0.5,0.0,0.02246,8.680092616238663e-05,258.763800021122,1.777664106265571,102958,50.0,0.01,1000,0.05
cw,lesion,f92ddac9-aba6-4607-ba72-6ab7e8776fef,0.52,0.4998,1.0,0.02026,0.00015753851695088255,128.62677817223855,1.777664106265571,81783,50.0,0.01,1000,0.05
cw,lesion,7f9623a6-510f-4e84-8e58-12b65a5e9dfc,0.521,0.521,0.0,0.0,0.0,0.0,0.0,0,50.0,0.01,1000,0.05
cw,lesion,051e6e97-fda7-4b5c-8d5f-084bf3607d22,0.5,0.498,1.0,0.001953,6.654706801941289e-06,293.4952745572042,1.79226253374815,102582,50.0,0.01,1000,0.05
cw,lesion,5acc56a4-1b6e-4394-9364-9772047d583f,0.5107,0.4998,1.0,0.01099,9.691572028937173e-05,113.35960864994634,1.79226253374815,79113,50.0,0.01,1000,0.05
cw,lesion,ad4d16e5-a851-4327-b9fe-5977da445669,0.512,0.512,0.0,0.0,0.0,0.0,0.0,0,50.0,0.01,1000,0.05
cw,lesion,c1f94928-371a-42d0-91ae-f959928694fe,0.5127,0.4998,1.0,0.01294,7.232850438183612e-05,178.8983919253583,1.79226253374815,94132,50.0,0.01,1000,0.05
cw,lesion,96f34fa9-0e56-4fdb-bfd7-781d8c453bcb,0.515,0.515,0.0,0.0,0.0,0.0,0.0,0,50.0,0.01,1000,0.05
cw,lesion,b9201f87-a5ef-49f1-b45f-4c54272bc5d6,0.519,0.519,0.0,0.0,0.0,0.0,0.0,0,50.0,0.01,1000,0.05
cw,lesion,33a39200-fa81-4530-ae1e-274ca204f3ea,0.5103,0.5,0.0,0.010254,4.6342396159534984e-05,221.26404975343138,1.79226253374815,89394,50.0,0.01,1000,0.05
cw,lesion,427412d0-cf4c-4a13-b58e-6ffdd004c6ec,0.5156,0.5156,0.0,0.0,0.0,0.0,0.0,0,50.0,0.01,1000,0.05
cw,lesion,72848196-fd24-4106-9c33-9c29b7a66a04,0.5195,0.5195,0.0,0.0,0.0,0.0,0.0,0,50.0,0.01,1000,0.05
cw,lesion,abcb43a2-7b1d-428a-b909-e54c92acbd5b,0.516,0.516,0.0,0.0,0.0,0.0,0.0,0,50.0,0.01,1000,0.05
cw,lesion,9954f203-ec80-45ce-85a6-fb155368370f,0.5083,0.499,1.0,0.00928,5.686263199304657e-05,163.1536111547888,1.79226253374815,96125,50.0,0.01,1000,0.05
cw,lesion,077ff78d-27ef-49d4-9e8e-00e458844a3e,0.5166,0.4998,1.0,0.01685,7.198110506646185e-05,234.02951522800535,1.79226253374815,114467,50.0,0.01,1000,0.05
cw,lesion,bf7b0977-4f77-45a7-8c03-77602f82b905,0.517,0.517,0.0,0.0,0.0,0.0,0.0,0,50.0,0.01,1000,0.05
cw,lesion,c34a3ea0-04d7-4df6-afab-0d7c7280b749,0.5103,0.4993,1.0,0.01099,6.50597776046536e-05,168.8651349395878,1.777664106265571,79221,50.0,0.01,1000,0.05
cw,lesion,e2bc24a7-e469-48e2-9d5a-6ffc8557d59e,0.5186,0.4993,1.0,0.01929,6.991377260174593e-05,275.8699560409534,1.79226253374815,101536,50.0,0.01,1000,0.05
cw,lesion,175c8be2-76a4-469b-9595-ed33ecedb3cb,0.5225,0.5225,0.0,0.0,0.0,0.0,0.0,0,50.0,0.01,1000,0.05
cw,lesion,bcaf0768-3841-4280-8de4-57e822f38c7a,0.5205,0.5205,0.0,0.0,0.0,0.0,0.0,0,50.0,0.01,1000,0.05
cw,lesion,6e73017c-4e3a-499b-a597-4a797bb179de,0.5244,0.5244,0.0,0.0,0.0,0.0,0.0,0,50.0,0.01,1000,0.05
cw,lesion,dc995045-8ec6-4cef-ba20-350c66732a9b,0.521,0.521,0.0,0.0,0.0,0.0,0.0,0,50.0,0.01,1000,0.05
cw,lesion,83f0d9e7-520b-41ee-a7c0-f93713784281,0.5176,0.5,0.0,0.01758,0.00012964010280813626,135.5917236869114,1.748467253033883,107508,50.0,0.01,1000,0.05
cw,lesion,bfbea630-4c43-485f-b1b2-0e5715109ae3,0.4983,0.4988,1.0,-0.0004883,-3.1684387146192934e-06,154.10784110021376,1.777664106265571,98703,50.0,0.01,1000,0.05
cw,lesion,4a567c8b-ab4e-4c3a-a053-9a23b087545a,0.524,0.4998,1.0,0.02417,0.000131079522579563,184.39128704499578,1.79226253374815,99595,50.0,0.01,1000,0.05
cw,lesion,b900d3e4-787b-44b3-9754-88f93db99c27,0.523,0.5,0.0,0.02295,0.00010195866911747332,225.08354559374547,1.7338688238178337,97392,50.0,0.01,1000,0.05
cw,lesion,0983ae59-b906-4fd5-a810-edfe0580fe3b,0.5156,0.5156,0.0,0.0,0.0,0.0,0.0,0,50.0,0.01,1000,0.05
cw,lesion,e15ecf55-b05a-4f6f-bb25-d51d4a438963,0.505,0.505,0.0,0.0,0.0,0.0,0.0,0,50.0,0.01,1000,0.05
cw,lesion,747b1c03-c554-41ea-9d57-7b54894985f3,0.5103,0.499,1.0,0.01123,5.8150526396044176e-05,193.1275509516707,1.777664106265571,115446,50.0,0.01,1000,0.05
cw,lesion,87e4af8b-1110-481d-86de-f315ca03936d,0.5186,0.5186,0.0,0.0,0.0,0.0,0.0,0,50.0,0.01,1000,0.05
cw,lesion,878ae8b8-f206-4d82-8099-3a56f89bb9c4,0.5117,0.4983,1.0,0.01343,5.8320622023705395e-05,230.2399032877061,1.79226253374815,69635,50.0,0.01,1000,0.05
cw,lesion,34873b9f-5305-404e-b7f7-5105feede48a,0.5156,0.5,0.0,0.01563,7.695540756453344e-05,203.03966275700114,1.79226253374815,103210,50.0,0.01,1000,0.05
cw,lesion,72a10e64-2d93-4b61-8b90-8efef7284ced,0.5195,0.5,0.0,0.01953,0.00010496379534899153,186.07606493278362,1.748467253033883,90221,50.0,0.01,1000,0.05
cw,lesion,04e6f392-a196-447f-9b75-f5af995a36d0,0.5186,0.5186,0.0,0.0,0.0,0.0,0.0,0,50.0,0.01,1000,0.05
cw,lesion,5a8415b5-f658-4d37-8144-1aa22420f84f,0.518,0.518,0.0,0.0,0.0,0.0,0.0,0,50.0,0.01,1000,0.05
cw,lesion,3874e3f6-0c79-4fc1-a874-1d761e475e53,0.5166,0.5166,0.0,0.0,0.0,0.0,0.0,0,50.0,0.01,1000,0.05
cw,lesion,2c376b9a-167a-43d3-bcc2-b4af32fb9f74,0.507,0.4988,1.0,0.00806,3.632067548607747e-05,221.8196803009648,1.704671972319616,83952,50.0,0.01,1000,0.05
cw,lesion,cf951660-886d-482d-99bf-2bdaedd5f4fd,0.5176,0.5,0.0,0.01758,7.081187483739485e-05,248.2369664644029,1.79226253374815,105215,50.0,0.01,1000,0.05
cw,lesion,acb5c720-f741-415c-993c-65855be08ffa,0.5234,0.5234,0.0,0.0,0.0,0.0,0.0,0,50.0,0.01,1000,0.05
cw,lesion,112bf6f9-0ac8-4ca0-a84b-ea29811fd871,0.517,0.4983,1.0,0.0188,7.71481722726856e-05,243.67172378086607,1.79226253374815,109620,50.0,0.01,1000,0.05
cw,lesion,e6295ee0-bb33-49e3-9376-8b78f5a3fc52,0.5166,0.5166,0.0,0.0,0.0,0.0,0.0,0,50.0,0.01,1000,0.05
cw,lesion,780579a3-2dcc-4343-9c92-de8be54e2865,0.5146,0.5146,0.0,0.0,0.0,0.0,0.0,0,50.0,0.01,1000,0.05
cw,lesion,228b3dc1-f78a-4ac9-b213-2a416583d063,0.521,0.521,0.0,0.0,0.0,0.0,0.0,0,50.0,0.01,1000,0.05
cw,lesion,3a010152-9ce2-4780-bdd8-bac6fa101991,0.504,0.5,0.0,0.003906,1.586688036436121e-05,246.18891112428162,1.79226253374815,108495,50.0,0.01,1000,0.05
cw,lesion,9b6f8882-b59f-4a4d-8f48-b3f355fd70b9,0.516,0.516,0.0,0.0,0.0,0.0,0.0,0,50.0,0.01,1000,0.05
cw,lesion,d99282ee-dc00-40d4-bb8d-5f8dba263a05,0.515,0.515,0.0,0.0,0.0,0.0,0.0,0,50.0,0.01,1000,0.05
cw,lesion,1748e4e2-5c73-4794-81fe-2c5fe4af8cdd,0.52,0.52,0.0,0.0,0.0,0.0,0.0,0,50.0,0.01,1000,0.05
cw,lesion,095edab1-09c6-4f83-931e-f0a33b77639c,0.4946,0.4993,1.0,-0.00464,-1.9352448018067842e-05,239.6943203503617,1.79226253374815,102527,50.0,0.01,1000,0.05
cw,lesion,fd147f16-7eeb-474f-98df-c3b0c39c163c,0.5195,0.5195,0.0,0.0,0.0,0.0,0.0,0,50.0,0.01,1000,0.05
cw,lesion,f1ba6a94-27b8-4537-8a11-6c4dbc3fe428,0.5176,0.5176,0.0,0.0,0.0,0.0,0.0,0,50.0,0.01,1000,0.05
cw,lesion,42765f9e-beea-4f46-8af4-f1282095662d,0.5176,0.5,0.0,0.01758,6.575524102288527e-05,267.32659976449037,1.79226253374815,110926,50.0,0.01,1000,0.05
cw,lesion,624a95b9-354b-415e-8bcc-382c6510469d,0.513,0.513,0.0,0.0,0.0,0.0,0.0,0,50.0,0.01,1000,0.05
cw,lesion,38929efc-a8ad-42b5-9fff-8ba881a7873e,0.5254,0.5254,0.0,0.0,0.0,0.0,0.0,0,50.0,0.01,1000,0.05
cw,lesion,bc7b5348-574e-49a2-a20a-719d942a9c31,0.5166,0.5166,0.0,0.0,0.0,0.0,0.0,0,50.0,0.01,1000,0.05
cw,lesion,35ffa64a-fc84-4582-95ad-40d4eab93197,0.5137,0.5,0.0,0.01367,4.379349789836097e-05,312.18960931809363,1.79226253374815,106853,50.0,0.01,1000,0.05
cw,lesion,0c89ca38-27ca-4cd0-88cb-18093fdcb04b,0.512,0.512,0.0,0.0,0.0,0.0,0.0,0,50.0,0.01,1000,0.05
cw,lesion,e5e4f0cf-58ec-4442-a54c-96d5d29d8f0b,0.516,0.516,0.0,0.0,0.0,0.0,0.0,0,50.0,0.01,1000,0.05
cw,lesion,ae9439c0-31a2-4b2a-946e-f9f497109c42,0.511,0.511,0.0,0.0,0.0,0.0,0.0,0,50.0,0.01,1000,0.05
cw,lesion,17f68ac3-2385-4b13-b8c0-66ba8b343205,0.5186,0.4998,1.0,0.0188,9.644864912438847e-05,194.91022730438584,1.79226253374815,116491,50.0,0.01,1000,0.05
cw,lesion,975aac17-f7e4-4b6c-a669-e73b0bb5caef,0.515,0.515,0.0,0.0,0.0,0.0,0.0,0,50.0,0.01,1000,0.05
cw,lesion,3d384875-3304-44de-8b8b-40a131a722ce,0.5117,0.4993,1.0,0.01245,8.395550889812335e-05,148.30678817359612,1.748467253033883,111636,50.0,0.01,1000,0.05
cw,lesion,bee78c8a-8a21-49b3-b1d5-93c93ccf300c,0.508,0.5,0.0,0.007812,3.199469398304416e-05,244.1811134002516,1.79226253374815,77882,50.0,0.01,1000,0.05
cw,lesion,be9e9eea-96d0-43a3-801e-b39bfd209ca7,0.5205,0.5205,0.0,0.0,0.0,0.0,0.0,0,50.0,0.01,1000,0.05
cw,lesion,b34524bc-e812-4067-a0e8-bd7185bfb814,0.5176,0.5,0.0,0.01758,0.00011311224979543631,155.4042557782994,1.763065678782992,95949,50.0,0.01,1000,0.05
cw,lesion,32c41ed0-6704-465c-94d3-3073b9b4415e,0.5146,0.4998,1.0,0.01489,9.654938592121293e-05,154.24829461046264,1.719270398068725,72451,50.0,0.01,1000,0.05
cw,lesion,0ca3f31a-ace5-4bd2-9900-b152cc212c8e,0.5156,0.5156,0.0,0.0,0.0,0.0,0.0,0,50.0,0.01,1000,0.05
cw,lesion,072e7048-52f1-4b2b-be08-42e0ca1ba1ee,0.514,0.5,0.0,0.01416,3.827005222403764e-05,370.006190917169,1.777664106265571,132156,50.0,0.01,1000,0.05
cw,lesion,32c3e235-1885-4aad-b4ad-2ef8583fbb78,0.508,0.508,0.0,0.0,0.0,0.0,0.0,0,50.0,0.01,1000,0.05
cw,lesion,49b95513-daab-49bb-bc6e-c5254ab1bc07,0.5195,0.5195,0.0,0.0,0.0,0.0,0.0,0,50.0,0.01,1000,0.05
cw,lesion,e7f182ac-e84e-4e0a-89f9-be61ea3c66c2,0.5107,0.5107,0.0,0.0,0.0,0.0,0.0,0,50.0,0.01,1000,0.05
cw,lesion,f42223b1-1a5b-45c2-a1d2-25c6df776484,0.5234,0.5234,0.0,0.0,0.0,0.0,0.0,0,50.0,0.01,1000,0.05
cw,lesion,3b75d0e1-a430-4d1e-a89e-672d25ca6953,0.5176,0.5176,0.0,0.0,0.0,0.0,0.0,0,50.0,0.01,1000,0.05
cw,lesion,963b58ae-2175-4aa5-90be-c37d44809c91,0.5103,0.5103,0.0,0.0,0.0,0.0,0.0,0,50.0,0.01,1000,0.05
cw,lesion,4206173d-0db2-4f32-80fb-0bd99d5532e1,0.5244,0.5244,0.0,0.0,0.0,0.0,0.0,0,50.0,0.01,1000,0.05
cw,lesion,b97b78b8-bcb0-4694-aa55-d3ca9c4396df,0.5244,0.5244,0.0,0.0,0.0,0.0,0.0,0,50.0,0.01,1000,0.05
cw,lesion,9a4b8ac5-0371-4bc0-a609-32ad46806f7c,0.5195,0.5195,0.0,0.0,0.0,0.0,0.0,0,50.0,0.01,1000,0.05
cw,lesion,3ef164d4-0e03-4695-bc05-bad84b526960,0.499,0.498,1.0,0.000977,6.608532426417616e-06,147.7729754385565,1.79226253374815,82164,50.0,0.01,1000,0.05
cw,lesion,bc6dd946-0b3f-445f-8d78-3cc39a0b14ae,0.523,0.523,0.0,0.0,0.0,0.0,0.0,0,50.0,0.01,1000,0.05
cw,lesion,78228039-bc86-44ce-8a13-57cf49ccf493,0.506,0.506,0.0,0.0,0.0,0.0,0.0,0,50.0,0.01,1000,0.05
cw,lesion,af31012f-209d-41cf-a2f4-4ef1105067c9,0.512,0.4998,1.0,0.01245,7.32105908803315e-05,170.07336950223933,1.79226253374815,100081,50.0,0.01,1000,0.05
cw,lesion,0a15acdd-248c-47ff-abfc-d33f8a0cf417,0.5166,0.5,0.0,0.0166,7.044164666399253e-05,235.67822851281753,1.79226253374815,109249,50.0,0.01,1000,0.05
cw,lesion,b3e8a708-d8e1-434e-92ca-5d5e79aca86e,0.5205,0.5205,0.0,0.0,0.0,0.0,0.0,0,50.0,0.01,1000,0.05
cw,lesion,c60a0502-26cb-40a1-8343-43625a3c4e3f,0.5176,0.5176,0.0,0.0,0.0,0.0,0.0,0,50.0,0.01,1000,0.05
cw,lesion,be8c0087-ae1c-4b60-acb0-4b2e6157eadb,0.5083,0.499,1.0,0.00928,3.072442937950724e-05,301.9533295508691,1.79226253374815,98591,50.0,0.01,1000,0.05
cw,lesion,42da1a6f-7984-4d82-b10a-603b8e3724c5,0.515,0.4993,1.0,0.01587,6.597263613823928e-05,240.5412539691157,1.79226253374815,82797,50.0,0.01,1000,0.05
cw,lesion,85727853-cb45-478d-a517-a0f0c85d0eb5,0.5254,0.4993,1.0,0.02612,0.00010784822933979982,242.22045214683172,1.777664106265571,114312,50.0,0.01,1000,0.05
cw,lesion,8c2aa2bb-ac88-4f14-a322-72d7e23749e8,0.522,0.4998,1.0,0.02222,0.00017630839392954105,126.01099912529133,1.763065678782992,103185,50.0,0.01,1000,0.05
cw,lesion,5df1e543-92ca-42f2-94a8-7446f944a1ba,0.5073,0.5073,0.0,0.0,0.0,0.0,0.0,0,50.0,0.01,1000,0.05
cw,lesion,32e8b837-8656-47e1-87ec-b365c7670984,0.5103,0.5103,0.0,0.0,0.0,0.0,0.0,0,50.0,0.01,1000,0.05
cw,lesion,fb10f71b-fd9d-43cc-a310-c5b48b7d22c8,0.5137,0.4988,1.0,0.01489,6.1072351033628e-05,243.85139711076525,1.79226253374815,97350,50.0,0.01,1000,0.05
cw,lesion,9bc684ec-12a8-4c76-85a3-29a75d550968,0.5146,0.5146,0.0,0.0,0.0,0.0,0.0,0,50.0,0.01,1000,0.05
cw,lesion,39919c47-0f93-417f-96fb-1aa8a6d6e7ab,0.5215,0.5,0.0,0.02148,7.711161180528393e-05,278.6140050279264,1.79226253374815,111383,50.0,0.01,1000,0.05
cw,lesion,0d77cf1a-64d4-4f8a-938b-9b838d549090,0.5176,0.5176,0.0,0.0,0.0,0.0,0.0,0,50.0,0.01,1000,0.05
cw,lesion,9e6239f2-9352-4bad-a19a-22538ddd0e27,0.514,0.499,1.0,0.01514,7.328732774297351e-05,206.53937338735034,1.79226253374815,88730,50.0,0.01,1000,0.05
cw,lesion,9efa04ab-254a-4047-8f2f-91e5fe93062f,0.5225,0.5225,0.0,0.0,0.0,0.0,0.0,0,50.0,0.01,1000,0.05
cw,lesion,342bd0cf-b337-40e9-8512-eb170292e2f2,0.5195,0.5195,0.0,0.0,0.0,0.0,0.0,0,50.0,0.01,1000,0.05
cw,lesion,67bc7433-4582-493a-af6b-82d0383d9c32,0.513,0.513,0.0,0.0,0.0,0.0,0.0,0,50.0,0.01,1000,0.05
cw,lesion,49f0fa25-89cd-41a7-9c70-4d7d8d9be572,0.522,0.522,0.0,0.0,0.0,0.0,0.0,0,50.0,0.01,1000,0.05
cw,lesion,c1273696-fdec-48a9-988c-74e57b6323fa,0.5024,0.5024,0.0,0.0,0.0,0.0,0.0,0,50.0,0.01,1000,0.05
cw,lesion,2fba3da2-e622-477e-a8fe-8fcc06550b25,0.514,0.514,0.0,0.0,0.0,0.0,0.0,0,50.0,0.01,1000,0.05
cw,lesion,bf99f510-56e1-421b-ad0f-ad10f4cdd3a3,0.5205,0.4998,1.0,0.02075,8.99478166532691e-05,230.71102663998133,1.79226253374815,96381,50.0,0.01,1000,0.05
cw,lesion,3e3babaa-b242-4dac-a549-9c87dec28ead,0.511,0.511,0.0,0.0,0.0,0.0,0.0,0,50.0,0.01,1000,0.05
cw,lesion,b7fe2048-abe7-4f69-b82a-ed93c354a8aa,0.517,0.5,0.0,0.01709,8.298138789100889e-05,205.94791414692506,1.792263649869611,113216,50.0,0.01,1000,0.05
cw,lesion,b829950f-6e68-4f84-9d7c-65a0aa3d0cab,0.515,0.4988,1.0,0.01636,9.116688958359018e-05,179.42283595285264,1.79226253374815,79383,50.0,0.01,1000,0.05
cw,lesion,01a7353d-25bb-4ff8-916b-f50dd541dccf,0.5146,0.5,0.0,0.01465,5.7877739977001415e-05,253.09276943505392,1.79226253374815,112171,50.0,0.01,1000,0.05
cw,lesion,453a9434-2ca7-4a28-b6f3-833b994e6e73,0.5186,0.5186,0.0,0.0,0.0,0.0,0.0,0,50.0,0.01,1000,0.05
cw,lesion,df6fce59-efa3-41a1-bdf7-1ff27cad394f,0.517,0.517,0.0,0.0,0.0,0.0,0.0,0,50.0,0.01,1000,0.05
cw,lesion,fdfce1ff-203e-4b23-a360-3803558a7f7a,0.5205,0.5205,0.0,0.0,0.0,0.0,0.0,0,50.0,0.01,1000,0.05
cw,lesion,3b1a0e72-4870-4927-8171-293f1a767bde,0.516,0.516,0.0,0.0,0.0,0.0,0.0,0,50.0,0.01,1000,0.05
cw,lesion,13932109-fbd1-4b6b-b81c-91682740cc50,0.518,0.518,0.0,0.0,0.0,0.0,0.0,0,50.0,0.01,1000,0.05
cw,lesion,3817e718-4a42-4d67-a34a-ab1a4b9d52b3,0.503,0.503,0.0,0.0,0.0,0.0,0.0,0,50.0,0.01,1000,0.05
cw,lesion,bf3ef845-34ab-4b80-81e7-ac7a3b23485a,0.509,0.498,1.0,0.01074,2.8833549376961407e-05,372.55862465184015,1.79226253374815,113060,50.0,0.01,1000,0.05
cw,lesion,b7b51f82-2aa9-4375-a84f-25c52eeb0b40,0.516,0.516,0.0,0.0,0.0,0.0,0.0,0,50.0,0.01,1000,0.05
cw,lesion,dd033b96-06ce-4587-b781-e0e2dd4026ac,0.523,0.5,0.0,0.02295,0.00019269811225710085,119.09415447440301,1.7338688238178337,88938,50.0,0.01,1000,0.05
cw,lesion,8917b2df-a22a-4da0-935c-397926ad5a1a,0.513,0.513,0.0,0.0,0.0,0.0,0.0,0,50.0,0.01,1000,0.05
cw,lesion,a81ed846-615a-4432-8e34-67b1169ebea5,0.5283,0.5283,0.0,0.0,0.0,0.0,0.0,0,50.0,0.01,1000,0.05
cw,lesion,3f25e62e-b79f-4cdd-8607-adc010808d4c,0.5103,0.5103,0.0,0.0,0.0,0.0,0.0,0,50.0,0.01,1000,0.05
cw,lesion,b435cc3a-cc81-4361-ac91-235b4150265e,0.514,0.5,0.0,0.01416,6.76799065042188e-05,209.22245583244904,1.777664106265571,108090,50.0,0.01,1000,0.05
cw,lesion,38b147a7-352b-4adb-88b5-2449d362acae,0.52,0.52,0.0,0.0,0.0,0.0,0.0,0,50.0,0.01,1000,0.05
cw,lesion,b6271674-f13d-4087-ae03-d6ae35381dfc,0.5176,0.5176,0.0,0.0,0.0,0.0,0.0,0,50.0,0.01,1000,0.05
cw,lesion,059f1e59-573c-49d1-ac78-3323a2ff047f,0.506,0.506,0.0,0.0,0.0,0.0,0.0,0,50.0,0.01,1000,0.05
cw,lesion,d20338e0-8ae9-4a30-9a0e-8225aae32073,0.516,0.516,0.0,0.0,0.0,0.0,0.0,0,50.0,0.01,1000,0.05
cw,lesion,94399962-8f89-4dfa-a93f-7a3df88feca5,0.522,0.522,0.0,0.0,0.0,0.0,0.0,0,50.0,0.01,1000,0.05
cw,lesion,d759f178-2451-47bc-80c0-2efe67588693,0.5176,0.5176,0.0,0.0,0.0,0.0,0.0,0,50.0,0.01,1000,0.05
cw,lesion,baf8fe18-a7ca-4e9c-b3dc-5c80d474545b,0.5195,0.5195,0.0,0.0,0.0,0.0,0.0,0,50.0,0.01,1000,0.05
cw,lesion,9708b405-8887-4824-b354-f7c245eedfc3,0.522,0.522,0.0,0.0,0.0,0.0,0.0,0,50.0,0.01,1000,0.05
cw,lesion,f7856767-112d-4ff6-8b20-1188c0c47a1a,0.5205,0.5205,0.0,0.0,0.0,0.0,0.0,0,50.0,0.01,1000,0.05
cw,lesion,4fd86b92-7ee7-44b7-8b94-7bafbedfaedd,0.5205,0.4983,1.0,0.02222,0.0001192636228948075,186.28309567120016,1.79226253374815,80949,50.0,0.01,1000,0.05
cw,lesion,b23184fc-0e6e-4802-a451-da82e2ac6e9a,0.5195,0.5195,0.0,0.0,0.0,0.0,0.0,0,50.0,0.01,1000,0.05
cw,lesion,1923df31-e23a-4ee4-86f8-35d124af2f61,0.521,0.521,0.0,0.0,0.0,0.0,0.0,0,50.0,0.01,1000,0.05
cw,lesion,b6d61fae-fa1f-4328-b065-033ee168cd98,0.5073,0.5073,0.0,0.0,0.0,0.0,0.0,0,50.0,0.01,1000,0.05
cw,lesion,6ccf77da-c917-4fc1-8bf7-f0e7bfd3acf4,0.5205,0.4998,1.0,0.02075,0.00012934948606195328,160.43320894036748,1.79226253374815,97104,50.0,0.01,1000,0.05
cw,lesion,b5017804-ddc0-44fa-8d64-15628c25e031,0.512,0.4988,1.0,0.01343,4.323701833183598e-05,310.5610630111516,1.79226253374815,105608,50.0,0.01,1000,0.05
cw,lesion,37f025d9-05c0-4e27-9a75-2e6a2085fa30,0.4976,0.4976,1.0,0.0,0.0,0.0,0.0,0,50.0,0.01,1000,0.05
cw,lesion,2456fcb4-82bd-4fa9-8ef2-8e1250c3ff50,0.517,0.517,0.0,0.0,0.0,0.0,0.0,0,50.0,0.01,1000,0.05
cw,lesion,b090dd7d-b4d9-4ebe-b36d-95f83510e955,0.5166,0.5166,0.0,0.0,0.0,0.0,0.0,0,50.0,0.01,1000,0.05
cw,lesion,67b8ef8a-5285-4eec-88c8-8f4fe53f0f6e,0.52,0.52,0.0,0.0,0.0,0.0,0.0,0,50.0,0.01,1000,0.05
cw,lesion,aafca7fa-b482-4e37-bbc4-96da4b744847,0.517,0.517,0.0,0.0,0.0,0.0,0.0,0,50.0,0.01,1000,0.05
cw,lesion,0808c4af-9ed6-46e3-a936-2cafb0004e6a,0.5234,0.5234,0.0,0.0,0.0,0.0,0.0,0,50.0,0.01,1000,0.05
cw,lesion,01f3abc2-33c7-4ea2-a599-dc49b76fcfae,0.525,0.525,0.0,0.0,0.0,0.0,0.0,0,50.0,0.01,1000,0.05
cw,lesion,eb3d5fed-558d-4aba-b13e-f7917c49c79b,0.5234,0.5234,0.0,0.0,0.0,0.0,0.0,0,50.0,0.01,1000,0.05
cw,lesion,2278d9f3-e7bf-4e36-a194-aaf5bdb20762,0.5127,0.5,0.0,0.012695,5.4701329004231645e-05,232.08416926160768,1.763065678782992,88034,50.0,0.01,1000,0.05
cw,lesion,ae06ef31-ae55-4e3c-9460-ae5c3733bedb,0.5166,0.5166,0.0,0.0,0.0,0.0,0.0,0,50.0,0.01,1000,0.05
cw,lesion,6365ff26-72cf-4428-8610-66aab9c787c9,0.518,0.518,0.0,0.0,0.0,0.0,0.0,0,50.0,0.01,1000,0.05
cw,lesion,261341d3-1df2-4cf4-b9a8-b1e02a124900,0.5137,0.5137,0.0,0.0,0.0,0.0,0.0,0,50.0,0.01,1000,0.05
cw,lesion,361c09b7-beb1-4be9-bb4b-c6400c293a19,0.5195,0.4993,1.0,0.02026,5.905187776164617e-05,343.1503390324128,1.79226253374815,124608,50.0,0.01,1000,0.05
cw,lesion,1d1c3fb7-71d6-4104-8a93-320e4959bbdb,0.523,0.523,0.0,0.0,0.0,0.0,0.0,0,50.0,0.01,1000,0.05
cw,lesion,3fa13d7f-8b18-443d-8dfe-2b098bfec24a,0.524,0.5,0.0,0.02393,0.00010396875670536093,230.12472214863593,1.79226253374815,90772,50.0,0.01,1000,0.05
cw,lesion,755c7169-e84a-4327-a4d6-b0ff906a88f8,0.5234,0.5234,0.0,0.0,0.0,0.0,0.0,0,50.0,0.01,1000,0.05
cw,lesion,5b684669-0ee0-44ff-851b-e2f6146c7e30,0.511,0.511,0.0,0.0,0.0,0.0,0.0,0,50.0,0.01,1000,0.05
cw,lesion,ada5d3a7-098d-4691-ba53-e633cfd3b86f,0.514,0.4993,1.0,0.01489,6.67871716500743e-05,222.98560870881795,1.79226253374815,102253,50.0,0.01,1000,0.05
cw,lesion,339907f7-5f76-40b4-8476-9c3460417d16,0.522,0.499,1.0,0.02295,0.000153040127058577,149.9555651811871,1.79226253374815,91671,50.0,0.01,1000,0.05
cw,lesion,48ea9943-604a-4f7f-bf84-22ef754c5e2b,0.522,0.522,0.0,0.0,0.0,0.0,0.0,0,50.0,0.01,1000,0.05
cw,lesion,6f0d2ff9-c0dc-48c3-a944-1f18dc185e1f,0.5137,0.4998,1.0,0.013916,7.03149629069989e-05,197.90973427238626,1.79226253374815,64178,50.0,0.01,1000,0.05
cw,lesion,a0c22f32-1156-4c62-894a-19ce51aee219,0.517,0.517,0.0,0.0,0.0,0.0,0.0,0,50.0,0.01,1000,0.05
cw,lesion,f655a822-225d-4fe0-a69f-0886f91c5f2b,0.524,0.524,0.0,0.0,0.0,0.0,0.0,0,50.0,0.01,1000,0.05
cw,lesion,3bf6bb05-9ec6-4c32-a8c4-fdd7704c188c,0.522,0.522,0.0,0.0,0.0,0.0,0.0,0,50.0,0.01,1000,0.05
cw,lesion,ec4cf99b-0d23-4aa5-abac-3f8ae0257eb9,0.5195,0.5195,0.0,0.0,0.0,0.0,0.0,0,50.0,0.01,1000,0.05
cw,lesion,fd45f813-2237-4639-b340-2e1b97737da6,0.523,0.523,0.0,0.0,0.0,0.0,0.0,0,50.0,0.01,1000,0.05
cw,lesion,04e9f692-f3d6-496b-ae0c-905137cc1f84,0.5225,0.5225,0.0,0.0,0.0,0.0,0.0,0,50.0,0.01,1000,0.05
cw,lesion,b4198862-dc25-4cff-acd5-b0b954bd3a03,0.5127,0.4993,1.0,0.01343,7.816464137725547e-05,171.78783318931195,1.79226253374815,114224,50.0,0.01,1000,0.05
cw,lesion,3f350a20-291b-4a3c-8e7b-72b885f19ec9,0.5254,0.5254,0.0,0.0,0.0,0.0,0.0,0,50.0,0.01,1000,0.05
cw,lesion,17477206-a644-49de-83a8-b32d5ba9ba5b,0.5176,0.5176,0.0,0.0,0.0,0.0,0.0,0,50.0,0.01,1000,0.05
cw,lesion,a7cc220e-bef4-4d27-a921-7773ebef1282,0.5156,0.5156,0.0,0.0,0.0,0.0,0.0,0,50.0,0.01,1000,0.05
cw,lesion,a4a95682-8ee5-42a1-a957-a4e8a924da2f,0.519,0.519,0.0,0.0,0.0,0.0,0.0,0,50.0,0.01,1000,0.05
cw,lesion,b9a014f0-6ab0-449a-be4d-1911473dde10,0.513,0.513,0.0,0.0,0.0,0.0,0.0,0,50.0,0.01,1000,0.05
cw,lesion,35dd41bb-baee-48e7-a450-95532043dc36,0.5195,0.5,0.0,0.01953,9.170149929239665e-05,212.98724829793923,1.763065678782992,100684,50.0,0.01,1000,0.05
cw,lesion,26950e98-3b48-4d7c-b2d0-daa4249be551,0.5195,0.5195,0.0,0.0,0.0,0.0,0.0,0,50.0,0.01,1000,0.05
cw,lesion,e6dc5d04-2f76-425f-99d7-cae3aa095122,0.516,0.516,0.0,0.0,0.0,0.0,0.0,0,50.0,0.01,1000,0.05
cw,lesion,abc07cd4-2d0f-4ad8-a516-b45d035dadb1,0.5146,0.5146,0.0,0.0,0.0,0.0,0.0,0,50.0,0.01,1000,0.05
cw,lesion,b489923b-d8be-4e8d-8620-bea0343a2f67,0.5137,0.5137,0.0,0.0,0.0,0.0,0.0,0,50.0,0.01,1000,0.05
cw,lesion,073102b7-565c-460a-9b69-13e2f34c4ee9,0.518,0.499,1.0,0.01904,8.025307597318947e-05,237.28646557496742,1.79226253374815,118535,50.0,0.01,1000,0.05
cw,lesion,5bfdc9ee-e21d-46e5-bbfc-20cea10c3175,0.5146,0.5,0.0,0.01465,7.387606430062412e-05,198.28394538794464,1.719270398068725,101575,50.0,0.01,1000,0.05
cw,lesion,c7024796-39ed-4eda-906d-65a1fb5d5c52,0.518,0.518,0.0,0.0,0.0,0.0,0.0,0,50.0,0.01,1000,0.05
cw,lesion,baf86877-7802-4dff-8870-cf2f38bc082a,0.522,0.522,0.0,0.0,0.0,0.0,0.0,0,50.0,0.01,1000,0.05
cw,lesion,fc0912c2-0cfc-420e-8c77-0fae34451d7e,0.516,0.516,0.0,0.0,0.0,0.0,0.0,0,50.0,0.01,1000,0.05
cw,lesion,b539db75-809d-4c0c-8b9f-b0e934ed740e,0.512,0.512,0.0,0.0,0.0,0.0,0.0,0,50.0,0.01,1000,0.05
cw,lesion,b3db4730-7c2d-4b91-b09b-2346fef7dc58,0.516,0.516,0.0,0.0,0.0,0.0,0.0,0,50.0,0.01,1000,0.05
cw,lesion,86459db9-dc9d-42f5-818d-9525684d5406,0.5176,0.5,0.0,0.01758,4.800578221021442e-05,366.1668280405555,1.79226253374815,128934,50.0,0.01,1000,0.05
cw,lesion,43605721-d0e0-4d58-b212-b05a295b21be,0.5176,0.5176,0.0,0.0,0.0,0.0,0.0,0,50.0,0.01,1000,0.05
cw,lesion,bd7e6f9f-2933-496e-b180-4799292c6afc,0.4968,0.4968,1.0,0.0,0.0,0.0,0.0,0,50.0,0.01,1000,0.05
cw,lesion,8eb51db4-ac8d-4a83-b071-53fce028dd27,0.516,0.4993,1.0,0.01685,7.592950366013329e-05,221.85978193198073,1.79226253374815,102089,50.0,0.01,1000,0.05
cw,lesion,0927e819-9640-487d-a04e-f5d4732dbe0a,0.517,0.4988,1.0,0.01831,8.916858737697265e-05,205.34750423596958,1.79226253374815,76877,50.0,0.01,1000,0.05
cw,lesion,0a6a5956-58cf-4f17-9e39-7e0d17310f67,0.5156,0.4998,1.0,0.01587,4.620836852287776e-05,343.4256852561481,1.79226253374815,120221,50.0,0.01,1000,0.05
cw,lesion,0ff5bf5b-6af7-4537-90d0-1c47058d0627,0.519,0.519,0.0,0.0,0.0,0.0,0.0,0,50.0,0.01,1000,0.05
cw,lesion,7e2b8ceb-9db2-4159-9e63-96d734dd1218,0.521,0.521,0.0,0.0,0.0,0.0,0.0,0,50.0,0.01,1000,0.05
cw,lesion,3f9d98ed-1a89-436c-a528-8d34b10a8530,0.5093,0.4993,1.0,0.01001,5.5138833315888976e-05,181.53749403987055,1.777664106265571,114135,50.0,0.01,1000,0.05
cw,lesion,6d2371e4-f8cd-4f6f-bf9e-1e8773b3960a,0.5215,0.5215,0.0,0.0,0.0,0.0,0.0,0,50.0,0.01,1000,0.05
cw,lesion,70764772-7dbc-4ab1-a5ed-08108fa547d8,0.52,0.52,0.0,0.0,0.0,0.0,0.0,0,50.0,0.01,1000,0.05
cw,lesion,59a7bb86-70cd-4b0f-9f17-330e2a76f4aa,0.514,0.4988,1.0,0.01538,5.437430935429188e-05,282.86997218185746,1.777664106265571,105977,50.0,0.01,1000,0.05
cw,lesion,6821b958-8b00-40f0-8ec2-8912d21acfaa,0.5146,0.5146,0.0,0.0,0.0,0.0,0.0,0,50.0,0.01,1000,0.05
cw,lesion,53d4697b-98ba-4dbc-892e-a602baec576b,0.514,0.499,1.0,0.01514,5.97667543556656e-05,253.26318808154326,1.763065678782992,115420,50.0,0.01,1000,0.05
cw,lesion,1f45c8c0-4475-45e9-85e5-0cf139d0572b,0.517,0.517,0.0,0.0,0.0,0.0,0.0,0,50.0,0.01,1000,0.05
cw,lesion,c3c1ef6e-055c-4f54-a7f5-d0f6eed1d2da,0.521,0.521,0.0,0.0,0.0,0.0,0.0,0,50.0,0.01,1000,0.05
cw,lesion,3185ee2b-a09e-40fd-8f57-4d2802c0248d,0.518,0.518,0.0,0.0,0.0,0.0,0.0,0,50.0,0.01,1000,0.05
cw,lesion,c8f8c1af-28f3-420d-85d6-9501a8002097,0.514,0.498,1.0,0.01611,5.651739370285561e-05,285.1030487030523,1.79226253374815,103830,50.0,0.01,1000,0.05
cw,lesion,6735932c-c8ca-45d5-be56-1ff682a3182e,0.5195,0.5195,0.0,0.0,0.0,0.0,0.0,0,50.0,0.01,1000,0.05
cw,lesion,d4a31817-cd95-46ad-b41d-9350faa087c8,0.517,0.5,0.0,0.01709,0.00012752555193425063,134.01113337298779,1.79226253374815,91858,50.0,0.01,1000,0.05
cw,lesion,8502b7bb-f681-47a1-aa45-06f6b692841a,0.5176,0.498,1.0,0.01953,6.662198260490942e-05,293.1652472001712,1.79226253374815,107335,50.0,0.01,1000,0.05
cw,random_patch,7f9623a6-510f-4e84-8e58-12b65a5e9dfc,0.521,0.521,0.0,0.0,0.0,0.0,0.0,0,50.0,0.01,1000,0.05
cw,random_patch,051e6e97-fda7-4b5c-8d5f-084bf3607d22,0.5,0.4988,1.0,0.001221,4.1591921418579445e-06,293.4952469911886,1.79226253374815,102141,50.0,0.01,1000,0.05
cw,random_patch,5acc56a4-1b6e-4394-9364-9772047d583f,0.5107,0.5107,0.0,0.0,0.0,0.0,0.0,0,50.0,0.01,1000,0.05
cw,random_patch,ad4d16e5-a851-4327-b9fe-5977da445669,0.512,0.512,0.0,0.0,0.0,0.0,0.0,0,50.0,0.01,1000,0.05
cw,random_patch,96f34fa9-0e56-4fdb-bfd7-781d8c453bcb,0.515,0.515,0.0,0.0,0.0,0.0,0.0,0,50.0,0.01,1000,0.05
cw,random_patch,33a39200-fa81-4530-ae1e-274ca204f3ea,0.5103,0.5103,0.0,0.0,0.0,0.0,0.0,0,50.0,0.01,1000,0.05
cw,random_patch,72848196-fd24-4106-9c33-9c29b7a66a04,0.5195,0.5195,0.0,0.0,0.0,0.0,0.0,0,50.0,0.01,1000,0.05
cw,random_patch,abcb43a2-7b1d-428a-b909-e54c92acbd5b,0.516,0.516,0.0,0.0,0.0,0.0,0.0,0,50.0,0.01,1000,0.05
cw,random_patch,9954f203-ec80-45ce-85a6-fb155368370f,0.5083,0.4998,1.0,0.008545,5.2373516175864145e-05,163.15348860258715,1.79226253374815,93857,50.0,0.01,1000,0.05
cw,random_patch,bf7b0977-4f77-45a7-8c03-77602f82b905,0.517,0.517,0.0,0.0,0.0,0.0,0.0,0,50.0,0.01,1000,0.05
cw,random_patch,c34a3ea0-04d7-4df6-afab-0d7c7280b749,0.5103,0.5103,0.0,0.0,0.0,0.0,0.0,0,50.0,0.01,1000,0.05
cw,random_patch,e2bc24a7-e469-48e2-9d5a-6ffc8557d59e,0.5186,0.5186,0.0,0.0,0.0,0.0,0.0,0,50.0,0.01,1000,0.05
cw,random_patch,175c8be2-76a4-469b-9595-ed33ecedb3cb,0.5225,0.5225,0.0,0.0,0.0,0.0,0.0,0,50.0,0.01,1000,0.05
cw,random_patch,bcaf0768-3841-4280-8de4-57e822f38c7a,0.5205,0.5205,0.0,0.0,0.0,0.0,0.0,0,50.0,0.01,1000,0.05
cw,random_patch,6e73017c-4e3a-499b-a597-4a797bb179de,0.5244,0.5244,0.0,0.0,0.0,0.0,0.0,0,50.0,0.01,1000,0.05
cw,random_patch,dc995045-8ec6-4cef-ba20-350c66732a9b,0.521,0.521,0.0,0.0,0.0,0.0,0.0,0,50.0,0.01,1000,0.05
cw,random_patch,0983ae59-b906-4fd5-a810-edfe0580fe3b,0.5156,0.5156,0.0,0.0,0.0,0.0,0.0,0,50.0,0.01,1000,0.05
cw,random_patch,e15ecf55-b05a-4f6f-bb25-d51d4a438963,0.505,0.505,0.0,0.0,0.0,0.0,0.0,0,50.0,0.01,1000,0.05
cw,random_patch,747b1c03-c554-41ea-9d57-7b54894985f3,0.5103,0.5103,0.0,0.0,0.0,0.0,0.0,0,50.0,0.01,1000,0.05
cw,random_patch,87e4af8b-1110-481d-86de-f315ca03936d,0.5186,0.5186,0.0,0.0,0.0,0.0,0.0,0,50.0,0.01,1000,0.05
cw,random_patch,878ae8b8-f206-4d82-8099-3a56f89bb9c4,0.5117,0.5117,0.0,0.0,0.0,0.0,0.0,0,50.0,0.01,1000,0.05
cw,random_patch,72a10e64-2d93-4b61-8b90-8efef7284ced,0.5195,0.5195,0.0,0.0,0.0,0.0,0.0,0,50.0,0.01,1000,0.05
cw,random_patch,04e6f392-a196-447f-9b75-f5af995a36d0,0.5186,0.5186,0.0,0.0,0.0,0.0,0.0,0,50.0,0.01,1000,0.05
cw,random_patch,5a8415b5-f658-4d37-8144-1aa22420f84f,0.518,0.518,0.0,0.0,0.0,0.0,0.0,0,50.0,0.01,1000,0.05
cw,random_patch,2c376b9a-167a-43d3-bcc2-b4af32fb9f74,0.507,0.4993,1.0,0.00757,3.411944482378485e-05,221.8195346889953,1.704671972319616,82714,50.0,0.01,1000,0.05
cw,random_patch,e6295ee0-bb33-49e3-9376-8b78f5a3fc52,0.5166,0.5166,0.0,0.0,0.0,0.0,0.0,0,50.0,0.01,1000,0.05
cw,random_patch,780579a3-2dcc-4343-9c92-de8be54e2865,0.5146,0.5146,0.0,0.0,0.0,0.0,0.0,0,50.0,0.01,1000,0.05
cw,random_patch,228b3dc1-f78a-4ac9-b213-2a416583d063,0.521,0.521,0.0,0.0,0.0,0.0,0.0,0,50.0,0.01,1000,0.05
cw,random_patch,3a010152-9ce2-4780-bdd8-bac6fa101991,0.504,0.504,0.0,0.0,0.0,0.0,0.0,0,50.0,0.01,1000,0.05
cw,random_patch,9b6f8882-b59f-4a4d-8f48-b3f355fd70b9,0.516,0.516,0.0,0.0,0.0,0.0,0.0,0,50.0,0.01,1000,0.05
cw,random_patch,d99282ee-dc00-40d4-bb8d-5f8dba263a05,0.515,0.515,0.0,0.0,0.0,0.0,0.0,0,50.0,0.01,1000,0.05
cw,random_patch,1748e4e2-5c73-4794-81fe-2c5fe4af8cdd,0.52,0.52,0.0,0.0,0.0,0.0,0.0,0,50.0,0.01,1000,0.05
cw,random_patch,095edab1-09c6-4f83-931e-f0a33b77639c,0.4946,0.4946,1.0,0.0,0.0,0.0,0.0,0,50.0,0.01,1000,0.05
cw,random_patch,fd147f16-7eeb-474f-98df-c3b0c39c163c,0.5195,0.5195,0.0,0.0,0.0,0.0,0.0,0,50.0,0.01,1000,0.05
cw,random_patch,f1ba6a94-27b8-4537-8a11-6c4dbc3fe428,0.5176,0.5176,0.0,0.0,0.0,0.0,0.0,0,50.0,0.01,1000,0.05
cw,random_patch,bc7b5348-574e-49a2-a20a-719d942a9c31,0.5166,0.5166,0.0,0.0,0.0,0.0,0.0,0,50.0,0.01,1000,0.05
cw,random_patch,35ffa64a-fc84-4582-95ad-40d4eab93197,0.5137,0.4993,1.0,0.014404,4.613956707245031e-05,312.18968422309564,1.79226253374815,109820,50.0,0.01,1000,0.05
cw,random_patch,0c89ca38-27ca-4cd0-88cb-18093fdcb04b,0.512,0.512,0.0,0.0,0.0,0.0,0.0,0,50.0,0.01,1000,0.05
cw,random_patch,e5e4f0cf-58ec-4442-a54c-96d5d29d8f0b,0.516,0.516,0.0,0.0,0.0,0.0,0.0,0,50.0,0.01,1000,0.05
cw,random_patch,ae9439c0-31a2-4b2a-946e-f9f497109c42,0.511,0.511,0.0,0.0,0.0,0.0,0.0,0,50.0,0.01,1000,0.05
cw,random_patch,975aac17-f7e4-4b6c-a669-e73b0bb5caef,0.515,0.515,0.0,0.0,0.0,0.0,0.0,0,50.0,0.01,1000,0.05
cw,random_patch,bee78c8a-8a21-49b3-b1d5-93c93ccf300c,0.508,0.499,1.0,0.00879,3.599400613691888e-05,244.18128024446713,1.79226253374815,82621,50.0,0.01,1000,0.05
cw,random_patch,be9e9eea-96d0-43a3-801e-b39bfd209ca7,0.5205,0.5205,0.0,0.0,0.0,0.0,0.0,0,50.0,0.01,1000,0.05
cw,random_patch,32c41ed0-6704-465c-94d3-3073b9b4415e,0.5146,0.5146,0.0,0.0,0.0,0.0,0.0,0,50.0,0.01,1000,0.05
cw,random_patch,0ca3f31a-ace5-4bd2-9900-b152cc212c8e,0.5156,0.5156,0.0,0.0,0.0,0.0,0.0,0,50.0,0.01,1000,0.05
cw,random_patch,32c3e235-1885-4aad-b4ad-2ef8583fbb78,0.508,0.508,0.0,0.0,0.0,0.0,0.0,0,50.0,0.01,1000,0.05
cw,random_patch,e7f182ac-e84e-4e0a-89f9-be61ea3c66c2,0.5107,0.5107,0.0,0.0,0.0,0.0,0.0,0,50.0,0.01,1000,0.05
cw,random_patch,f42223b1-1a5b-45c2-a1d2-25c6df776484,0.5234,0.5234,0.0,0.0,0.0,0.0,0.0,0,50.0,0.01,1000,0.05
cw,random_patch,3b75d0e1-a430-4d1e-a89e-672d25ca6953,0.5176,0.5176,0.0,0.0,0.0,0.0,0.0,0,50.0,0.01,1000,0.05
cw,random_patch,963b58ae-2175-4aa5-90be-c37d44809c91,0.5103,0.5103,0.0,0.0,0.0,0.0,0.0,0,50.0,0.01,1000,0.05
cw,random_patch,4206173d-0db2-4f32-80fb-0bd99d5532e1,0.5244,0.5244,0.0,0.0,0.0,0.0,0.0,0,50.0,0.01,1000,0.05
cw,random_patch,b97b78b8-bcb0-4694-aa55-d3ca9c4396df,0.5244,0.5244,0.0,0.0,0.0,0.0,0.0,0,50.0,0.01,1000,0.05
cw,random_patch,9a4b8ac5-0371-4bc0-a609-32ad46806f7c,0.5195,0.5195,0.0,0.0,0.0,0.0,0.0,0,50.0,0.01,1000,0.05
cw,random_patch,3ef164d4-0e03-4695-bc05-bad84b526960,0.499,0.5,0.0,-0.000977,-6.608539068415242e-06,147.77282691741712,1.79226253374815,79614,50.0,0.01,1000,0.05
cw,random_patch,bc6dd946-0b3f-445f-8d78-3cc39a0b14ae,0.523,0.523,0.0,0.0,0.0,0.0,0.0,0,50.0,0.01,1000,0.05
cw,random_patch,78228039-bc86-44ce-8a13-57cf49ccf493,0.506,0.506,0.0,0.0,0.0,0.0,0.0,0,50.0,0.01,1000,0.05
cw,random_patch,c60a0502-26cb-40a1-8343-43625a3c4e3f,0.5176,0.5176,0.0,0.0,0.0,0.0,0.0,0,50.0,0.01,1000,0.05
cw,random_patch,be8c0087-ae1c-4b60-acb0-4b2e6157eadb,0.5083,0.5083,0.0,0.0,0.0,0.0,0.0,0,50.0,0.01,1000,0.05
cw,random_patch,42da1a6f-7984-4d82-b10a-603b8e3724c5,0.515,0.515,0.0,0.0,0.0,0.0,0.0,0,50.0,0.01,1000,0.05
cw,random_patch,32e8b837-8656-47e1-87ec-b365c7670984,0.5103,0.5103,0.0,0.0,0.0,0.0,0.0,0,50.0,0.01,1000,0.05
cw,random_patch,fb10f71b-fd9d-43cc-a310-c5b48b7d22c8,0.5137,0.5137,0.0,0.0,0.0,0.0,0.0,0,50.0,0.01,1000,0.05
cw,random_patch,9bc684ec-12a8-4c76-85a3-29a75d550968,0.5146,0.5146,0.0,0.0,0.0,0.0,0.0,0,50.0,0.01,1000,0.05
cw,random_patch,39919c47-0f93-417f-96fb-1aa8a6d6e7ab,0.5215,0.5215,0.0,0.0,0.0,0.0,0.0,0,50.0,0.01,1000,0.05
cw,random_patch,9e6239f2-9352-4bad-a19a-22538ddd0e27,0.514,0.514,0.0,0.0,0.0,0.0,0.0,0,50.0,0.01,1000,0.05
cw,random_patch,9efa04ab-254a-4047-8f2f-91e5fe93062f,0.5225,0.5225,0.0,0.0,0.0,0.0,0.0,0,50.0,0.01,1000,0.05
cw,random_patch,342bd0cf-b337-40e9-8512-eb170292e2f2,0.5195,0.5195,0.0,0.0,0.0,0.0,0.0,0,50.0,0.01,1000,0.05
cw,random_patch,67bc7433-4582-493a-af6b-82d0383d9c32,0.513,0.513,0.0,0.0,0.0,0.0,0.0,0,50.0,0.01,1000,0.05
cw,random_patch,49f0fa25-89cd-41a7-9c70-4d7d8d9be572,0.522,0.522,0.0,0.0,0.0,0.0,0.0,0,50.0,0.01,1000,0.05
cw,random_patch,c1273696-fdec-48a9-988c-74e57b6323fa,0.5024,0.5024,0.0,0.0,0.0,0.0,0.0,0,50.0,0.01,1000,0.05
cw,random_patch,2fba3da2-e622-477e-a8fe-8fcc06550b25,0.514,0.5,0.0,0.01416,5.575703098018318e-05,253.96180536361672,1.79226253374815,128435,50.0,0.01,1000,0.05
cw,random_patch,bf99f510-56e1-421b-ad0f-ad10f4cdd3a3,0.5205,0.5205,0.0,0.0,0.0,0.0,0.0,0,50.0,0.01,1000,0.05
cw,random_patch,3e3babaa-b242-4dac-a549-9c87dec28ead,0.511,0.511,0.0,0.0,0.0,0.0,0.0,0,50.0,0.01,1000,0.05
cw,random_patch,b829950f-6e68-4f84-9d7c-65a0aa3d0cab,0.515,0.515,0.0,0.0,0.0,0.0,0.0,0,50.0,0.01,1000,0.05
cw,random_patch,01a7353d-25bb-4ff8-916b-f50dd541dccf,0.5146,0.5146,0.0,0.0,0.0,0.0,0.0,0,50.0,0.01,1000,0.05
cw,random_patch,453a9434-2ca7-4a28-b6f3-833b994e6e73,0.5186,0.5186,0.0,0.0,0.0,0.0,0.0,0,50.0,0.01,1000,0.05
cw,random_patch,df6fce59-efa3-41a1-bdf7-1ff27cad394f,0.517,0.517,0.0,0.0,0.0,0.0,0.0,0,50.0,0.01,1000,0.05
cw,random_patch,fdfce1ff-203e-4b23-a360-3803558a7f7a,0.5205,0.5205,0.0,0.0,0.0,0.0,0.0,0,50.0,0.01,1000,0.05
cw,random_patch,13932109-fbd1-4b6b-b81c-91682740cc50,0.518,0.518,0.0,0.0,0.0,0.0,0.0,0,50.0,0.01,1000,0.05
cw,random_patch,3817e718-4a42-4d67-a34a-ab1a4b9d52b3,0.503,0.503,0.0,0.0,0.0,0.0,0.0,0,50.0,0.01,1000,0.05
cw,random_patch,bf3ef845-34ab-4b80-81e7-ac7a3b23485a,0.509,0.509,0.0,0.0,0.0,0.0,0.0,0,50.0,0.01,1000,0.05
cw,random_patch,b7b51f82-2aa9-4375-a84f-25c52eeb0b40,0.516,0.516,0.0,0.0,0.0,0.0,0.0,0,50.0,0.01,1000,0.05
cw,random_patch,dd033b96-06ce-4587-b781-e0e2dd4026ac,0.523,0.523,0.0,0.0,0.0,0.0,0.0,0,50.0,0.01,1000,0.05
cw,random_patch,8917b2df-a22a-4da0-935c-397926ad5a1a,0.513,0.513,0.0,0.0,0.0,0.0,0.0,0,50.0,0.01,1000,0.05
cw,random_patch,a81ed846-615a-4432-8e34-67b1169ebea5,0.5283,0.5283,0.0,0.0,0.0,0.0,0.0,0,50.0,0.01,1000,0.05
cw,random_patch,3f25e62e-b79f-4cdd-8607-adc010808d4c,0.5103,0.5103,0.0,0.0,0.0,0.0,0.0,0,50.0,0.01,1000,0.05
cw,random_patch,b435cc3a-cc81-4361-ac91-235b4150265e,0.514,0.514,0.0,0.0,0.0,0.0,0.0,0,50.0,0.01,1000,0.05
cw,random_patch,38b147a7-352b-4adb-88b5-2449d362acae,0.52,0.52,0.0,0.0,0.0,0.0,0.0,0,50.0,0.01,1000,0.05
cw,random_patch,b6271674-f13d-4087-ae03-d6ae35381dfc,0.5176,0.5176,0.0,0.0,0.0,0.0,0.0,0,50.0,0.01,1000,0.05
cw,random_patch,059f1e59-573c-49d1-ac78-3323a2ff047f,0.506,0.506,0.0,0.0,0.0,0.0,0.0,0,50.0,0.01,1000,0.05
cw,random_patch,d20338e0-8ae9-4a30-9a0e-8225aae32073,0.516,0.516,0.0,0.0,0.0,0.0,0.0,0,50.0,0.01,1000,0.05
cw,random_patch,d759f178-2451-47bc-80c0-2efe67588693,0.5176,0.5176,0.0,0.0,0.0,0.0,0.0,0,50.0,0.01,1000,0.05
cw,random_patch,baf8fe18-a7ca-4e9c-b3dc-5c80d474545b,0.5195,0.5195,0.0,0.0,0.0,0.0,0.0,0,50.0,0.01,1000,0.05
cw,random_patch,9708b405-8887-4824-b354-f7c245eedfc3,0.522,0.522,0.0,0.0,0.0,0.0,0.0,0,50.0,0.01,1000,0.05
cw,random_patch,f7856767-112d-4ff6-8b20-1188c0c47a1a,0.5205,0.5205,0.0,0.0,0.0,0.0,0.0,0,50.0,0.01,1000,0.05
cw,random_patch,b23184fc-0e6e-4802-a451-da82e2ac6e9a,0.5195,0.5195,0.0,0.0,0.0,0.0,0.0,0,50.0,0.01,1000,0.05
cw,random_patch,1923df31-e23a-4ee4-86f8-35d124af2f61,0.521,0.521,0.0,0.0,0.0,0.0,0.0,0,50.0,0.01,1000,0.05
cw,random_patch,b6d61fae-fa1f-4328-b065-033ee168cd98,0.5073,0.5073,0.0,0.0,0.0,0.0,0.0,0,50.0,0.01,1000,0.05
cw,random_patch,b5017804-ddc0-44fa-8d64-15628c25e031,0.512,0.512,0.0,0.0,0.0,0.0,0.0,0,50.0,0.01,1000,0.05
cw,random_patch,37f025d9-05c0-4e27-9a75-2e6a2085fa30,0.4976,0.4976,1.0,0.0,0.0,0.0,0.0,0,50.0,0.01,1000,0.05
cw,random_patch,2456fcb4-82bd-4fa9-8ef2-8e1250c3ff50,0.517,0.517,0.0,0.0,0.0,0.0,0.0,0,50.0,0.01,1000,0.05
cw,random_patch,b090dd7d-b4d9-4ebe-b36d-95f83510e955,0.5166,0.5166,0.0,0.0,0.0,0.0,0.0,0,50.0,0.01,1000,0.05
cw,random_patch,67b8ef8a-5285-4eec-88c8-8f4fe53f0f6e,0.52,0.52,0.0,0.0,0.0,0.0,0.0,0,50.0,0.01,1000,0.05
cw,random_patch,0808c4af-9ed6-46e3-a936-2cafb0004e6a,0.5234,0.5234,0.0,0.0,0.0,0.0,0.0,0,50.0,0.01,1000,0.05
cw,random_patch,01f3abc2-33c7-4ea2-a599-dc49b76fcfae,0.525,0.499,1.0,0.02588,0.00010528141965058735,245.80696513055437,1.79226253374815,117458,50.0,0.01,1000,0.05
cw,random_patch,eb3d5fed-558d-4aba-b13e-f7917c49c79b,0.5234,0.5234,0.0,0.0,0.0,0.0,0.0,0,50.0,0.01,1000,0.05
cw,random_patch,2278d9f3-e7bf-4e36-a194-aaf5bdb20762,0.5127,0.5127,0.0,0.0,0.0,0.0,0.0,0,50.0,0.01,1000,0.05
cw,random_patch,1d1c3fb7-71d6-4104-8a93-320e4959bbdb,0.523,0.523,0.0,0.0,0.0,0.0,0.0,0,50.0,0.01,1000,0.05
cw,random_patch,755c7169-e84a-4327-a4d6-b0ff906a88f8,0.5234,0.5234,0.0,0.0,0.0,0.0,0.0,0,50.0,0.01,1000,0.05
cw,random_patch,5b684669-0ee0-44ff-851b-e2f6146c7e30,0.511,0.511,0.0,0.0,0.0,0.0,0.0,0,50.0,0.01,1000,0.05
cw,random_patch,6f0d2ff9-c0dc-48c3-a944-1f18dc185e1f,0.5137,0.5137,0.0,0.0,0.0,0.0,0.0,0,50.0,0.01,1000,0.05
cw,random_patch,f655a822-225d-4fe0-a69f-0886f91c5f2b,0.524,0.524,0.0,0.0,0.0,0.0,0.0,0,50.0,0.01,1000,0.05
cw,random_patch,ec4cf99b-0d23-4aa5-abac-3f8ae0257eb9,0.5195,0.5195,0.0,0.0,0.0,0.0,0.0,0,50.0,0.01,1000,0.05
cw,random_patch,fd45f813-2237-4639-b340-2e1b97737da6,0.523,0.523,0.0,0.0,0.0,0.0,0.0,0,50.0,0.01,1000,0.05
cw,random_patch,17477206-a644-49de-83a8-b32d5ba9ba5b,0.5176,0.5176,0.0,0.0,0.0,0.0,0.0,0,50.0,0.01,1000,0.05
cw,random_patch,a7cc220e-bef4-4d27-a921-7773ebef1282,0.5156,0.5156,0.0,0.0,0.0,0.0,0.0,0,50.0,0.01,1000,0.05
cw,random_patch,a4a95682-8ee5-42a1-a957-a4e8a924da2f,0.519,0.519,0.0,0.0,0.0,0.0,0.0,0,50.0,0.01,1000,0.05
cw,random_patch,e6dc5d04-2f76-425f-99d7-cae3aa095122,0.516,0.516,0.0,0.0,0.0,0.0,0.0,0,50.0,0.01,1000,0.05
cw,random_patch,abc07cd4-2d0f-4ad8-a516-b45d035dadb1,0.5146,0.5146,0.0,0.0,0.0,0.0,0.0,0,50.0,0.01,1000,0.05
cw,random_patch,b489923b-d8be-4e8d-8620-bea0343a2f67,0.5137,0.5137,0.0,0.0,0.0,0.0,0.0,0,50.0,0.01,1000,0.05
cw,random_patch,c7024796-39ed-4eda-906d-65a1fb5d5c52,0.518,0.518,0.0,0.0,0.0,0.0,0.0,0,50.0,0.01,1000,0.05
cw,random_patch,fc0912c2-0cfc-420e-8c77-0fae34451d7e,0.516,0.516,0.0,0.0,0.0,0.0,0.0,0,50.0,0.01,1000,0.05
cw,random_patch,b3db4730-7c2d-4b91-b09b-2346fef7dc58,0.516,0.516,0.0,0.0,0.0,0.0,0.0,0,50.0,0.01,1000,0.05
cw,random_patch,43605721-d0e0-4d58-b212-b05a295b21be,0.5176,0.5176,0.0,0.0,0.0,0.0,0.0,0,50.0,0.01,1000,0.05
cw,random_patch,bd7e6f9f-2933-496e-b180-4799292c6afc,0.4968,0.4968,1.0,0.0,0.0,0.0,0.0,0,50.0,0.01,1000,0.05
cw,random_patch,0927e819-9640-487d-a04e-f5d4732dbe0a,0.517,0.517,0.0,0.0,0.0,0.0,0.0,0,50.0,0.01,1000,0.05
cw,random_patch,0a6a5956-58cf-4f17-9e39-7e0d17310f67,0.5156,0.5156,0.0,0.0,0.0,0.0,0.0,0,50.0,0.01,1000,0.05
cw,random_patch,7e2b8ceb-9db2-4159-9e63-96d734dd1218,0.521,0.4998,1.0,0.02124,5.658543595694745e-05,375.3657458890057,1.79226253374815,105745,50.0,0.01,1000,0.05
cw,random_patch,6d2371e4-f8cd-4f6f-bf9e-1e8773b3960a,0.5215,0.5215,0.0,0.0,0.0,0.0,0.0,0,50.0,0.01,1000,0.05
cw,random_patch,70764772-7dbc-4ab1-a5ed-08108fa547d8,0.52,0.52,0.0,0.0,0.0,0.0,0.0,0,50.0,0.01,1000,0.05
cw,random_patch,59a7bb86-70cd-4b0f-9f17-330e2a76f4aa,0.514,0.4993,1.0,0.01489,5.264809503318757e-05,282.8702180978389,1.7776647212603325,113772,50.0,0.01,1000,0.05
cw,random_patch,6821b958-8b00-40f0-8ec2-8912d21acfaa,0.5146,0.5146,0.0,0.0,0.0,0.0,0.0,0,50.0,0.01,1000,0.05
cw,random_patch,1f45c8c0-4475-45e9-85e5-0cf139d0572b,0.517,0.517,0.0,0.0,0.0,0.0,0.0,0,50.0,0.01,1000,0.05
cw,random_patch,c3c1ef6e-055c-4f54-a7f5-d0f6eed1d2da,0.521,0.521,0.0,0.0,0.0,0.0,0.0,0,50.0,0.01,1000,0.05
cw,random_patch,3185ee2b-a09e-40fd-8f57-4d2802c0248d,0.518,0.518,0.0,0.0,0.0,0.0,0.0,0,50.0,0.01,1000,0.05
cw,random_patch,c8f8c1af-28f3-420d-85d6-9501a8002097,0.514,0.514,0.0,0.0,0.0,0.0,0.0,0,50.0,0.01,1000,0.05
cw,random_patch,6735932c-c8ca-45d5-be56-1ff682a3182e,0.5195,0.5195,0.0,0.0,0.0,0.0,0.0,0,50.0,0.01,1000,0.05
cw,random_patch,d4a31817-cd95-46ad-b41d-9350faa087c8,0.517,0.517,0.0,0.0,0.0,0.0,0.0,0,50.0,0.01,1000,0.05
cw,random_patch,8502b7bb-f681-47a1-aa45-06f6b692841a,0.5176,0.4993,1.0,0.01831,6.245797578330797e-05,293.1658710474724,1.79226253374815,111046,50.0,0.01,1000,0.05
cw,full,0c5dc7d1-7022-4e46-bc02-ff9999912edd,0.518,0.518,0.0,0.0,0.0,0.0,0.0,0,50.0,0.01,1000,0.05
cw,full,bf842c92-c6ed-4be4-b188-c05ec8bf8dc2,0.5225,0.4993,1.0,0.0232,8.963149098130959e-05,258.76351179899575,1.7776647041773472,150496,50.0,0.01,1000,0.05
cw,full,f92ddac9-aba6-4607-ba72-6ab7e8776fef,0.52,0.4993,1.0,0.02075,0.00016133516165796078,128.6263509462488,1.7776648229913603,150490,50.0,0.01,1000,0.05
cw,full,7f9623a6-510f-4e84-8e58-12b65a5e9dfc,0.521,0.4988,1.0,0.02222,0.0003309790830645957,67.12447404827168,1.4564994398794946,150494,50.0,0.01,1000,0.05
cw,full,051e6e97-fda7-4b5c-8d5f-084bf3607d22,0.5,0.495,1.0,0.004883,1.663675423903953e-05,293.4954997637524,1.7922630310819612,150483,50.0,0.01,1000,0.05
cw,full,5acc56a4-1b6e-4394-9364-9772047d583f,0.5107,0.4963,1.0,0.014404,0.00012706612132536222,113.36064029881003,1.792263223926601,150487,50.0,0.01,1000,0.05
cw,full,ad4d16e5-a851-4327-b9fe-5977da445669,0.512,0.4983,1.0,0.013916,5.11663437630034e-05,271.97596312423093,1.7922630332077554,150520,50.0,0.01,1000,0.05
cw,full,c1f94928-371a-42d0-91ae-f959928694fe,0.5127,0.4998,1.0,0.01294,7.2328753612792e-05,178.89777547595193,1.7922630912530804,150496,50.0,0.01,1000,0.05
cw,full,96f34fa9-0e56-4fdb-bfd7-781d8c453bcb,0.515,0.5,0.0,0.01514,6.353666604712302e-05,238.2359618639454,1.7922630142184093,150499,50.0,0.01,1000,0.05
cw,full,b9201f87-a5ef-49f1-b45f-4c54272bc5d6,0.519,0.5,0.0,0.01904,6.481187133372716e-05,293.81914697843627,1.7923520721999113,150523,50.0,0.01,1000,0.05
cw,full,33a39200-fa81-4530-ae1e-274ca204f3ea,0.5103,0.5,0.0,0.010254,4.634253351981991e-05,221.26339392193898,1.7922630780658706,150487,50.0,0.01,1000,0.05
cw,full,427412d0-cf4c-4a13-b58e-6ffdd004c6ec,0.5156,0.5156,0.0,0.0,0.0,0.0,0.0,0,50.0,0.01,1000,0.05
cw,full,72848196-fd24-4106-9c33-9c29b7a66a04,0.5195,0.5195,0.0,0.0,0.0,0.0,0.0,0,50.0,0.01,1000,0.05
cw,full,abcb43a2-7b1d-428a-b909-e54c92acbd5b,0.516,0.5,0.0,0.01611,8.05402993491357e-05,200.0648294010533,1.7922632585510745,150511,50.0,0.01,1000,0.05
cw,full,9954f203-ec80-45ce-85a6-fb155368370f,0.5083,0.4988,1.0,0.00952,5.835892757222602e-05,163.1538612945287,1.7922630120275798,150470,50.0,0.01,1000,0.05
cw,full,077ff78d-27ef-49d4-9e8e-00e458844a3e,0.5166,0.497,1.0,0.01953,8.345622016590436e-05,234.02988968753746,1.7922630200413938,150480,50.0,0.01,1000,0.05
cw,full,bf7b0977-4f77-45a7-8c03-77602f82b905,0.517,0.4998,1.0,0.01733,5.343900939818759e-05,324.3694928045111,1.7922630199512988,150494,50.0,0.01,1000,0.05
cw,full,c34a3ea0-04d7-4df6-afab-0d7c7280b749,0.5103,0.5,0.0,0.010254,6.072292565708372e-05,168.86383747876263,1.7776656068801482,150338,50.0,0.01,1000,0.05
cw,full,e2bc24a7-e469-48e2-9d5a-6ffc8557d59e,0.5186,0.4983,1.0,0.02026,7.345368961824312e-05,275.8700342975383,1.79226301521768,150485,50.0,0.01,1000,0.05
cw,full,175c8be2-76a4-469b-9595-ed33ecedb3cb,0.5225,0.5,0.0,0.02246,7.370729199376282e-05,304.7315522209606,1.7922631597817067,150511,50.0,0.01,1000,0.05
cw,full,bcaf0768-3841-4280-8de4-57e822f38c7a,0.5205,0.5205,0.0,0.0,0.0,0.0,0.0,0,50.0,0.01,1000,0.05
cw,full,6e73017c-4e3a-499b-a597-4a797bb179de,0.5244,0.5244,0.0,0.0,0.0,0.0,0.0,0,50.0,0.01,1000,0.05
cw,full,dc995045-8ec6-4cef-ba20-350c66732a9b,0.521,0.5,0.0,0.021,7.768715053608538e-05,270.26469119202056,1.7922630546074705,150486,50.0,0.01,1000,0.05
cw,full,83f0d9e7-520b-41ee-a7c0-f93713784281,0.5176,0.5,0.0,0.01758,0.0001296403470576296,135.59146822469947,1.748468096778415,150484,50.0,0.01,1000,0.05
cw,full,bfbea630-4c43-485f-b1b2-0e5715109ae3,0.4983,0.4993,1.0,-0.000977,-6.336859344362365e-06,154.10828091133783,1.777665147322437,150448,50.0,0.01,1000,0.05
cw,full,4a567c8b-ab4e-4c3a-a053-9a23b087545a,0.524,0.4993,1.0,0.02466,0.00013372881728936442,184.38959996413428,1.7922630324823112,150498,50.0,0.01,1000,0.05
cw,full,b900d3e4-787b-44b3-9754-88f93db99c27,0.523,0.5,0.0,0.02295,0.0001019589528581381,225.08291921074456,1.7338695390004015,150481,50.0,0.01,1000,0.05
cw,full,0983ae59-b906-4fd5-a810-edfe0580fe3b,0.5156,0.5156,0.0,0.0,0.0,0.0,0.0,0,50.0,0.01,1000,0.05
cw,full,e15ecf55-b05a-4f6f-bb25-d51d4a438963,0.505,0.499,1.0,0.00586,2.095038935041003e-05,279.6785731180609,1.7338693061159174,150505,50.0,0.01,1000,0.05
cw,full,747b1c03-c554-41ea-9d57-7b54894985f3,0.5103,0.499,1.0,0.01123,5.81506022724792e-05,193.12729895376356,1.7776647210950516,150482,50.0,0.01,1000,0.05
cw,full,87e4af8b-1110-481d-86de-f315ca03936d,0.5186,0.5186,0.0,0.0,0.0,0.0,0.0,0,50.0,0.01,1000,0.05
cw,full,878ae8b8-f206-4d82-8099-3a56f89bb9c4,0.5117,0.4998,1.0,0.01196,5.195846058030622e-05,230.23951231177742,1.792263050713353,150473,50.0,0.01,1000,0.05
cw,full,34873b9f-5305-404e-b7f7-5105feede48a,0.5156,0.5,0.0,0.01563,7.695567654541904e-05,203.03895307851147,1.792263027497859,150505,50.0,0.01,1000,0.05
cw,full,72a10e64-2d93-4b61-8b90-8efef7284ced,0.5195,0.5,0.0,0.01953,0.0001049641488270502,186.07543830162493,1.748467885092368,150475,50.0,0.01,1000,0.05
cw,full,04e6f392-a196-447f-9b75-f5af995a36d0,0.5186,0.5,0.0,0.01855,0.00016537742309338986,112.196012921717,1.6900756689654417,150494,50.0,0.01,1000,0.05
cw,full,5a8415b5-f658-4d37-8144-1aa22420f84f,0.518,0.499,1.0,0.01904,0.00011542579772796544,164.9801788134577,1.7922631120277206,150499,50.0,0.01,1000,0.05
cw,full,3874e3f6-0c79-4fc1-a874-1d761e475e53,0.5166,0.5166,0.0,0.0,0.0,0.0,0.0,0,50.0,0.01,1000,0.05
cw,full,2c376b9a-167a-43d3-bcc2-b4af32fb9f74,0.507,0.4993,1.0,0.00757,3.411933897620182e-05,221.82022283426193,1.7046729018899898,150487,50.0,0.01,1000,0.05
cw,full,cf951660-886d-482d-99bf-2bdaedd5f4fd,0.5176,0.5,0.0,0.01758,7.081178431304935e-05,248.23728380549431,1.792263224927789,150485,50.0,0.01,1000,0.05
cw,full,acb5c720-f741-415c-993c-65855be08ffa,0.5234,0.5234,0.0,0.0,0.0,0.0,0.0,0,50.0,0.01,1000,0.05
cw,full,112bf6f9-0ac8-4ca0-a84b-ea29811fd871,0.517,0.4988,1.0,0.01831,7.514436516880304e-05,243.67158912203263,1.792263011133909,150472,50.0,0.01,1000,0.05
cw,full,e6295ee0-bb33-49e3-9376-8b78f5a3fc52,0.5166,0.5166,0.0,0.0,0.0,0.0,0.0,0,50.0,0.01,1000,0.05
cw,full,780579a3-2dcc-4343-9c92-de8be54e2865,0.5146,0.5,0.0,0.01465,5.23841444137608e-05,279.63494800591144,1.792263041847089,150495,50.0,0.01,1000,0.05
cw,full,228b3dc1-f78a-4ac9-b213-2a416583d063,0.521,0.5,0.0,0.021,8.627989105578626e-05,243.34863537972817,1.792263382237029,150498,50.0,0.01,1000,0.05
cw,full,3a010152-9ce2-4780-bdd8-bac6fa101991,0.504,0.4998,1.0,0.00415,1.685857360816076e-05,246.18871805514596,1.7922630609289383,150498,50.0,0.01,1000,0.05
cw,full,9b6f8882-b59f-4a4d-8f48-b3f355fd70b9,0.516,0.516,0.0,0.0,0.0,0.0,0.0,0,50.0,0.01,1000,0.05
cw,full,d99282ee-dc00-40d4-bb8d-5f8dba263a05,0.515,0.5,0.0,0.01514,5.305615975582057e-05,285.2961620127219,1.7922630695221127,150498,50.0,0.01,1000,0.05
cw,full,1748e4e2-5c73-4794-81fe-2c5fe4af8cdd,0.52,0.4993,1.0,0.02075,8.018788834693797e-05,258.79161494331265,1.7922630500590875,150504,50.0,0.01,1000,0.05
cw,full,095edab1-09c6-4f83-931e-f0a33b77639c,0.4946,0.4983,1.0,-0.003662,-1.5278241423562462e-05,239.6944303550163,1.7922630166985671,150465,50.0,0.01,1000,0.05
cw,full,fd147f16-7eeb-474f-98df-c3b0c39c163c,0.5195,0.499,1.0,0.02051,7.408438482436727e-05,276.8169371707313,1.7922630200814322,150501,50.0,0.01,1000,0.05
cw,full,f1ba6a94-27b8-4537-8a11-6c4dbc3fe428,0.5176,0.5,0.0,0.01758,6.97752247917543e-05,251.92502140644547,1.792263114724059,150507,50.0,0.01,1000,0.05
cw,full,42765f9e-beea-4f46-8af4-f1282095662d,0.5176,0.4983,1.0,0.01929,7.214807519801142e-05,267.3267349315248,1.7922630111051496,150514,50.0,0.01,1000,0.05
cw,full,624a95b9-354b-415e-8bcc-382c6510469d,0.513,0.513,0.0,0.0,0.0,0.0,0.0,0,50.0,0.01,1000,0.05
cw,full,38929efc-a8ad-42b5-9fff-8ba881a7873e,0.5254,0.5,0.0,0.02539,0.00011089032880591165,228.97059889985195,1.7922631501196604,150515,50.0,0.01,1000,0.05
cw,full,bc7b5348-574e-49a2-a20a-719d942a9c31,0.5166,0.5166,0.0,0.0,0.0,0.0,0.0,0,50.0,0.01,1000,0.05
cw,full,35ffa64a-fc84-4582-95ad-40d4eab93197,0.5137,0.4988,1.0,0.01489,4.770358731821963e-05,312.1898993712571,1.7922630140490754,150503,50.0,0.01,1000,0.05
cw,full,0c89ca38-27ca-4cd0-88cb-18093fdcb04b,0.512,0.5,0.0,0.01221,5.328893825103054e-05,229.07251767642492,1.79235207129343,150520,50.0,0.01,1000,0.05
cw,full,e5e4f0cf-58ec-4442-a54c-96d5d29d8f0b,0.516,0.4988,1.0,0.01733,3.579814830407007e-05,484.214552870357,1.7922630545133622,150515,50.0,0.01,1000,0.05
cw,full,ae9439c0-31a2-4b2a-946e-f9f497109c42,0.511,0.4998,1.0,0.011475,5.878205701816551e-05,195.20598557594136,1.777664586867821,150507,50.0,0.01,1000,0.05
cw,full,17f68ac3-2385-4b13-b8c0-66ba8b343205,0.5186,0.5,0.0,0.01855,9.519666016019391e-05,194.90901747839467,1.792263107413166,150460,50.0,0.01,1000,0.05
cw,full,975aac17-f7e4-4b6c-a669-e73b0bb5caef,0.515,0.5,0.0,0.01514,6.045892845836566e-05,250.36366233019058,1.7922630174850547,150488,50.0,0.01,1000,0.05
cw,full,3d384875-3304-44de-8b8b-40a131a722ce,0.5117,0.5,0.0,0.01172,7.901726625759393e-05,148.3061937501995,1.7484677334947147,150480,50.0,0.01,1000,0.05
cw,full,bee78c8a-8a21-49b3-b1d5-93c93ccf300c,0.508,0.4963,1.0,0.011475,4.699218804143486e-05,244.1812108091767,1.7922630438781584,150489,50.0,0.01,1000,0.05
cw,full,be9e9eea-96d0-43a3-801e-b39bfd209ca7,0.5205,0.5,0.0,0.02051,7.516642865168676e-05,272.8320723374974,1.7923195338277642,150516,50.0,0.01,1000,0.05
cw,full,b34524bc-e812-4067-a0e8-bd7185bfb814,0.5176,0.4993,1.0,0.01831,0.00011782541686665997,155.40404914962724,1.7630664011990864,150475,50.0,0.01,1000,0.05
cw,full,32c41ed0-6704-465c-94d3-3073b9b4415e,0.5146,0.497,1.0,0.01758,0.00011396080847491382,154.24710682646537,1.719270876119669,150480,50.0,0.01,1000,0.05
cw,full,0ca3f31a-ace5-4bd2-9900-b152cc212c8e,0.5156,0.5156,0.0,0.0,0.0,0.0,0.0,0,50.0,0.01,1000,0.05
cw,full,072e7048-52f1-4b2b-be08-42e0ca1ba1ee,0.514,0.5,0.0,0.01416,3.827003413059886e-05,370.0063658499726,1.7776649183907323,150507,50.0,0.01,1000,0.05
cw,full,32c3e235-1885-4aad-b4ad-2ef8583fbb78,0.508,0.499,1.0,0.00879,4.20729452665444e-05,208.90057598530342,1.719270968132314,150505,50.0,0.01,1000,0.05
cw,full,49b95513-daab-49bb-bc6e-c5254ab1bc07,0.5195,0.4998,1.0,0.01978,0.00010097328389199433,195.84775162054683,1.7484677430426372,150511,50.0,0.01,1000,0.05
cw,full,e7f182ac-e84e-4e0a-89f9-be61ea3c66c2,0.5107,0.4993,1.0,0.011475,5.814199846789862e-05,197.35491859217643,1.7193544348298127,150522,50.0,0.01,1000,0.05
cw,full,f42223b1-1a5b-45c2-a1d2-25c6df776484,0.5234,0.5,0.0,0.02344,0.00012569572198776379,186.46219320833077,1.7776646249559793,150478,50.0,0.01,1000,0.05
cw,full,3b75d0e1-a430-4d1e-a89e-672d25ca6953,0.5176,0.5,0.0,0.01758,0.00010662235242406206,164.86341371480398,1.7922631197327064,150511,50.0,0.01,1000,0.05
cw,full,963b58ae-2175-4aa5-90be-c37d44809c91,0.5103,0.4993,1.0,0.01099,5.032060209511264e-05,218.3266429072365,1.7489196933999538,150528,50.0,0.01,1000,0.05
cw,full,4206173d-0db2-4f32-80fb-0bd99d5532e1,0.5244,0.4966,1.0,0.02783,0.00014466664339179487,192.38734373048914,1.7922630445787306,150490,50.0,0.01,1000,0.05
cw,full,b97b78b8-bcb0-4694-aa55-d3ca9c4396df,0.5244,0.4993,1.0,0.02515,9.926234058045112e-05,253.33358277630384,1.792358193635738,150519,50.0,0.01,1000,0.05
cw,full,9a4b8ac5-0371-4bc0-a609-32ad46806f7c,0.5195,0.4993,1.0,0.02026,8.822681360598166e-05,229.67702273160052,1.792352085877953,150523,50.0,0.01,1000,0.05
cw,full,3ef164d4-0e03-4695-bc05-bad84b526960,0.499,0.496,1.0,0.00293,1.9825497563293858e-05,147.7737186897114,1.7922630127434764,150484,50.0,0.01,1000,0.05
cw,full,bc6dd946-0b3f-445f-8d78-3cc39a0b14ae,0.523,0.523,0.0,0.0,0.0,0.0,0.0,0,50.0,0.01,1000,0.05
cw,full,78228039-bc86-44ce-8a13-57cf49ccf493,0.506,0.5,0.0,0.00586,2.7271081323275124e-05,214.85671691083522,1.7776646183667337,150490,50.0,0.01,1000,0.05
cw,full,af31012f-209d-41cf-a2f4-4ef1105067c9,0.512,0.4993,1.0,0.01294,7.608170874709414e-05,170.07311398922005,1.7922630445564853,150488,50.0,0.01,1000,0.05
cw,full,0a15acdd-248c-47ff-abfc-d33f8a0cf417,0.5166,0.5,0.0,0.0166,7.044183518583626e-05,235.67759777266076,1.7922632128517046,150499,50.0,0.01,1000,0.05
cw,full,b3e8a708-d8e1-434e-92ca-5d5e79aca86e,0.5205,0.4998,1.0,0.02075,9.38296486559226e-05,221.16626696706516,1.792263027205336,150504,50.0,0.01,1000,0.05
cw,full,c60a0502-26cb-40a1-8343-43625a3c4e3f,0.5176,0.4993,1.0,0.01831,8.301247946624935e-05,220.57583380116304,1.7922630118753449,150477,50.0,0.01,1000,0.05
cw,full,be8c0087-ae1c-4b60-acb0-4b2e6157eadb,0.5083,0.499,1.0,0.00928,3.072443774478803e-05,301.9532473386442,1.7922630131902977,150499,50.0,0.01,1000,0.05
cw,full,42da1a6f-7984-4d82-b10a-603b8e3724c5,0.515,0.498,1.0,0.01709,7.104750116820405e-05,240.5410952994608,1.7922630902471133,150500,50.0,0.01,1000,0.05
cw,full,85727853-cb45-478d-a517-a0f0c85d0eb5,0.5254,0.4998,1.0,0.02563,0.00010583261666121353,242.21989810572762,1.7776646143996997,150499,50.0,0.01,1000,0.05
cw,full,8c2aa2bb-ac88-4f14-a322-72d7e23749e8,0.522,0.5,0.0,0.02197,0.00017437425649041542,126.00860178844115,1.763066493531937,150503,50.0,0.01,1000,0.05
cw,full,5df1e543-92ca-42f2-94a8-7446f944a1ba,0.5073,0.5073,0.0,0.0,0.0,0.0,0.0,0,50.0,0.01,1000,0.05
cw,full,32e8b837-8656-47e1-87ec-b365c7670984,0.5103,0.5,0.0,0.010254,5.491345804440672e-05,186.72847448723527,1.6905259869412004,150528,50.0,0.01,1000,0.05
cw,full,fb10f71b-fd9d-43cc-a310-c5b48b7d22c8,0.5137,0.4993,1.0,0.014404,5.906994640727708e-05,243.8515311169264,1.7922641341702772,150455,50.0,0.01,1000,0.05
cw,full,9bc684ec-12a8-4c76-85a3-29a75d550968,0.5146,0.4998,1.0,0.01489,0.00010127795818939375,147.04658733480304,1.7338694860925943,150506,50.0,0.01,1000,0.05
cw,full,39919c47-0f93-417f-96fb-1aa8a6d6e7ab,0.5215,0.5,0.0,0.02148,7.71117387557957e-05,278.61354634042823,1.792263080071398,150508,50.0,0.01,1000,0.05
cw,full,0d77cf1a-64d4-4f8a-938b-9b838d549090,0.5176,0.5,0.0,0.01758,5.923331828582189e-05,296.76076755630913,1.7922979210745456,150509,50.0,0.01,1000,0.05
cw,full,9e6239f2-9352-4bad-a19a-22538ddd0e27,0.514,0.499,1.0,0.01514,7.328727020324071e-05,206.53953554675843,1.7922632065256443,150478,50.0,0.01,1000,0.05
cw,full,9efa04ab-254a-4047-8f2f-91e5fe93062f,0.5225,0.5225,0.0,0.0,0.0,0.0,0.0,0,50.0,0.01,1000,0.05
cw,full,342bd0cf-b337-40e9-8512-eb170292e2f2,0.5195,0.4993,1.0,0.02026,8.031257444525615e-05,252.31007739652648,1.7484677567581066,150519,50.0,0.01,1000,0.05
cw,full,67bc7433-4582-493a-af6b-82d0383d9c32,0.513,0.499,1.0,0.01416,5.5633621389094105e-05,254.5251575555261,1.7192708794425315,150509,50.0,0.01,1000,0.05
cw,full,49f0fa25-89cd-41a7-9c70-4d7d8d9be572,0.522,0.522,0.0,0.0,0.0,0.0,0.0,0,50.0,0.01,1000,0.05
cw,full,c1273696-fdec-48a9-988c-74e57b6323fa,0.5024,0.498,1.0,0.004395,1.1948671353693068e-05,367.78409245662795,1.792263022890745,150487,50.0,0.01,1000,0.05
cw,full,2fba3da2-e622-477e-a8fe-8fcc06550b25,0.514,0.5,0.0,0.01416,5.575705734001674e-05,253.96168530005457,1.7922630407638103,150514,50.0,0.01,1000,0.05
cw,full,bf99f510-56e1-421b-ad0f-ad10f4cdd3a3,0.5205,0.4988,1.0,0.02173,9.418080027258912e-05,230.71067097719464,1.7922632434667432,150495,50.0,0.01,1000,0.05
cw,full,3e3babaa-b242-4dac-a549-9c87dec28ead,0.511,0.4993,1.0,0.01196,3.516770413014084e-05,340.1669492093857,1.7924727487729724,150526,50.0,0.01,1000,0.05
cw,full,b7fe2048-abe7-4f69-b82a-ed93c354a8aa,0.517,0.4998,1.0,0.01733,8.41666228451712e-05,205.948436425269,1.7922647253378,150505,50.0,0.01,1000,0.05
cw,full,b829950f-6e68-4f84-9d7c-65a0aa3d0cab,0.515,0.498,1.0,0.01709,9.524909984004476e-05,179.42262738175057,1.7922634789709742,150469,50.0,0.01,1000,0.05
cw,full,01a7353d-25bb-4ff8-916b-f50dd541dccf,0.5146,0.4998,1.0,0.01489,5.884246475266804e-05,253.09235748382403,1.792263044790292,150496,50.0,0.01,1000,0.05
cw,full,453a9434-2ca7-4a28-b6f3-833b994e6e73,0.5186,0.5186,0.0,0.0,0.0,0.0,0.0,0,50.0,0.01,1000,0.05
cw,full,df6fce59-efa3-41a1-bdf7-1ff27cad394f,0.517,0.4998,1.0,0.01733,8.014640131589148e-05,216.27901053071415,1.792263133147535,150486,50.0,0.01,1000,0.05
cw,full,fdfce1ff-203e-4b23-a360-3803558a7f7a,0.5205,0.5,0.0,0.02051,0.00012515540381982413,163.8587857402613,1.7922636769473093,150506,50.0,0.01,1000,0.05
cw,full,3b1a0e72-4870-4927-8171-293f1a767bde,0.516,0.5,0.0,0.01611,7.123222797201015e-05,226.20773922190386,1.777665048765901,150508,50.0,0.01,1000,0.05
cw,full,13932109-fbd1-4b6b-b81c-91682740cc50,0.518,0.518,0.0,0.0,0.0,0.0,0.0,0,50.0,0.01,1000,0.05
cw,full,3817e718-4a42-4d67-a34a-ab1a4b9d52b3,0.503,0.4998,1.0,0.003174,1.7804192279816405e-05,178.2629661004024,1.777664597399335,150453,50.0,0.01,1000,0.05
cw,full,bf3ef845-34ab-4b80-81e7-ac7a3b23485a,0.509,0.4988,1.0,0.01001,2.6867630186545724e-05,372.5585604399092,1.7922630144773697,150495,50.0,0.01,1000,0.05
cw,full,b7b51f82-2aa9-4375-a84f-25c52eeb0b40,0.516,0.5,0.0,0.01611,5.274784459684284e-05,305.47752941618705,1.7922631512962592,150499,50.0,0.01,1000,0.05
cw,full,dd033b96-06ce-4587-b781-e0e2dd4026ac,0.523,0.4998,1.0,0.0232,0.00019475077422445114,119.0925143451396,1.733870233982345,150471,50.0,0.01,1000,0.05
cw,full,8917b2df-a22a-4da0-935c-397926ad5a1a,0.513,0.5,0.0,0.01318,6.765188143487765e-05,194.87401487886385,1.7776675353993117,150494,50.0,0.01,1000,0.05
cw,full,a81ed846-615a-4432-8e34-67b1169ebea5,0.5283,0.5283,0.0,0.0,0.0,0.0,0.0,0,50.0,0.01,1000,0.05
cw,full,3f25e62e-b79f-4cdd-8607-adc010808d4c,0.5103,0.5,0.0,0.010254,3.142093316469719e-05,326.3399656508773,1.7922631037326546,150507,50.0,0.01,1000,0.05
cw,full,b435cc3a-cc81-4361-ac91-235b4150265e,0.514,0.4998,1.0,0.014404,6.88469400191211e-05,209.22203470932735,1.777664588202473,150499,50.0,0.01,1000,0.05
cw,full,38b147a7-352b-4adb-88b5-2449d362acae,0.52,0.5,0.0,0.02002,7.719993951037694e-05,259.32055615842864,1.792263107529509,150495,50.0,0.01,1000,0.05
cw,full,b6271674-f13d-4087-ae03-d6ae35381dfc,0.5176,0.499,1.0,0.01855,6.747810759907877e-05,274.97344189863634,1.7922630831237893,150488,50.0,0.01,1000,0.05
cw,full,059f1e59-573c-49d1-ac78-3323a2ff047f,0.506,0.4983,1.0,0.00757,2.548735683114117e-05,296.94563562973667,1.7922630207829755,150491,50.0,0.01,1000,0.05
cw,full,d20338e0-8ae9-4a30-9a0e-8225aae32073,0.516,0.5,0.0,0.01611,5.202241092314532e-05,309.73730289594874,1.7922630157390658,150516,50.0,0.01,1000,0.05
cw,full,94399962-8f89-4dfa-a93f-7a3df88feca5,0.522,0.522,0.0,0.0,0.0,0.0,0.0,0,50.0,0.01,1000,0.05
cw,full,d759f178-2451-47bc-80c0-2efe67588693,0.5176,0.5,0.0,0.01758,0.00012220377732488565,143.8427304259632,1.763066299957689,150513,50.0,0.01,1000,0.05
cw,full,baf8fe18-a7ca-4e9c-b3dc-5c80d474545b,0.5195,0.4998,1.0,0.01978,7.541569735735423e-05,262.2184945203245,1.7924728452230845,150526,50.0,0.01,1000,0.05
cw,full,9708b405-8887-4824-b354-f7c245eedfc3,0.522,0.522,0.0,0.0,0.0,0.0,0.0,0,50.0,0.01,1000,0.05
cw,full,f7856767-112d-4ff6-8b20-1188c0c47a1a,0.5205,0.5,0.0,0.02051,8.769676269178006e-05,233.84913957656568,1.7922630131232653,150482,50.0,0.01,1000,0.05
cw,full,4fd86b92-7ee7-44b7-8b94-7bafbedfaedd,0.5205,0.5,0.0,0.02051,0.00011008974153210374,186.28268368600658,1.7922632077443148,150485,50.0,0.01,1000,0.05
cw,full,b23184fc-0e6e-4802-a451-da82e2ac6e9a,0.5195,0.4998,1.0,0.01978,6.416497614340244e-05,308.1960255102766,1.7923584589582067,150514,50.0,0.01,1000,0.05
cw,full,1923df31-e23a-4ee4-86f8-35d124af2f61,0.521,0.5,0.0,0.021,0.00012963415465279472,161.96421232458752,1.7484679136703245,150498,50.0,0.01,1000,0.05
cw,full,b6d61fae-fa1f-4328-b065-033ee168cd98,0.5073,0.4978,1.0,0.00952,4.2795306481169585e-05,222.48898670141799,1.7922630155114023,150493,50.0,0.01,1000,0.05
cw,full,6ccf77da-c917-4fc1-8bf7-f0e7bfd3acf4,0.5205,0.5,0.0,0.02051,0.00012782832573179708,160.43245799643944,1.7922632300160504,150480,50.0,0.01,1000,0.05
cw,full,b5017804-ddc0-44fa-8d64-15628c25e031,0.512,0.4998,1.0,0.01245,4.00925167886251e-05,310.5609942185439,1.7922630152548187,150481,50.0,0.01,1000,0.05
cw,full,37f025d9-05c0-4e27-9a75-2e6a2085fa30,0.4976,0.5,0.0,-0.002441,-9.48568542121082e-06,257.3779480864868,1.7922630216140143,150480,50.0,0.01,1000,0.05
cw,full,2456fcb4-82bd-4fa9-8ef2-8e1250c3ff50,0.517,0.5,0.0,0.01709,7.743038714867484e-05,220.71236343441393,1.7630674079666768,150476,50.0,0.01,1000,0.05
cw,full,b090dd7d-b4d9-4ebe-b36d-95f83510e955,0.5166,0.499,1.0,0.01758,9.890142607531975e-05,177.73378702976558,1.7338695388851493,150503,50.0,0.01,1000,0.05
cw,full,67b8ef8a-5285-4eec-88c8-8f4fe53f0f6e,0.52,0.4993,1.0,0.02075,8.315003323400922e-05,249.57239723243714,1.777665065415178,150497,50.0,0.01,1000,0.05
cw,full,aafca7fa-b482-4e37-bbc4-96da4b744847,0.517,0.517,0.0,0.0,0.0,0.0,0.0,0,50.0,0.01,1000,0.05
cw,full,0808c4af-9ed6-46e3-a936-2cafb0004e6a,0.5234,0.5234,0.0,0.0,0.0,0.0,0.0,0,50.0,0.01,1000,0.05
cw,full,01f3abc2-33c7-4ea2-a599-dc49b76fcfae,0.525,0.499,1.0,0.02588,0.00010528162634076588,245.80648255930925,1.7922631390556674,150481,50.0,0.01,1000,0.05
cw,full,eb3d5fed-558d-4aba-b13e-f7917c49c79b,0.5234,0.5,0.0,0.02344,0.00014645983186010626,160.02681213591828,1.7922633032411326,150510,50.0,0.01,1000,0.05
cw,full,2278d9f3-e7bf-4e36-a194-aaf5bdb20762,0.5127,0.4998,1.0,0.01294,5.5753329393902785e-05,232.08395382137542,1.763066415298256,150485,50.0,0.01,1000,0.05
cw,full,ae06ef31-ae55-4e3c-9460-ae5c3733bedb,0.5166,0.5,0.0,0.0166,7.219938120539847e-05,229.94050949063646,1.7922630201919971,150489,50.0,0.01,1000,0.05
cw,full,6365ff26-72cf-4428-8610-66aab9c787c9,0.518,0.5,0.0,0.01807,7.955734165888705e-05,227.08660033748495,1.7922633022773078,150513,50.0,0.01,1000,0.05
cw,full,261341d3-1df2-4cf4-b9a8-b1e02a124900,0.5137,0.5,0.0,0.01367,7.013954856952646e-05,194.9239092371151,1.7776647556536345,150510,50.0,0.01,1000,0.05
cw,full,361c09b7-beb1-4be9-bb4b-c6400c293a19,0.5195,0.4993,1.0,0.02026,5.9051927008070554e-05,343.1500528617816,1.7922630158983317,150515,50.0,0.01,1000,0.05
cw,full,1d1c3fb7-71d6-4104-8a93-320e4959bbdb,0.523,0.4983,1.0,0.02466,8.070219433434701e-05,305.5456338898879,1.748467827408407,150517,50.0,0.01,1000,0.05
cw,full,3fa13d7f-8b18-443d-8dfe-2b098bfec24a,0.524,0.4998,1.0,0.02417,0.00010502929145191188,230.125534884866,1.7922631078610984,150492,50.0,0.01,1000,0.05
cw,full,755c7169-e84a-4327-a4d6-b0ff906a88f8,0.5234,0.4993,1.0,0.02417,0.00011293522637895607,214.01579160755443,1.792263015794867,150513,50.0,0.01,1000,0.05
cw,full,5b684669-0ee0-44ff-851b-e2f6146c7e30,0.511,0.5,0.0,0.01123,6.349988633924951e-05,176.85809214470052,1.7046724706771756,150493,50.0,0.01,1000,0.05
cw,full,ada5d3a7-098d-4691-ba53-e633cfd3b86f,0.514,0.5,0.0,0.01416,6.350263559443702e-05,222.98533150339725,1.792263487107742,150495,50.0,0.01,1000,0.05
cw,full,339907f7-5f76-40b4-8476-9c3460417d16,0.522,0.5,0.0,0.02197,0.00014653014522731406,149.95314591716428,1.7922632641420808,150496,50.0,0.01,1000,0.05
cw,full,48ea9943-604a-4f7f-bf84-22ef754c5e2b,0.522,0.5,0.0,0.02197,8.04504009588044e-05,273.120531250638,1.777664594646676,150485,50.0,0.01,1000,0.05
cw,full,6f0d2ff9-c0dc-48c3-a944-1f18dc185e1f,0.5137,0.494,1.0,0.01978,9.992065019727917e-05,197.9109481869572,1.7922631448673787,150474,50.0,0.01,1000,0.05
cw,full,a0c22f32-1156-4c62-894a-19ce51aee219,0.517,0.5,0.0,0.01709,8.170713283148309e-05,209.1597533403832,1.7630663978369578,150508,50.0,0.01,1000,0.05
cw,full,f655a822-225d-4fe0-a69f-0886f91c5f2b,0.524,0.524,0.0,0.0,0.0,0.0,0.0,0,50.0,0.01,1000,0.05
cw,full,3bf6bb05-9ec6-4c32-a8c4-fdd7704c188c,0.522,0.5,0.0,0.02197,0.0001030298563363799,213.2649411567814,1.7630663436605003,150510,50.0,0.01,1000,0.05
cw,full,ec4cf99b-0d23-4aa5-abac-3f8ae0257eb9,0.5195,0.5195,0.0,0.0,0.0,0.0,0.0,0,50.0,0.01,1000,0.05
cw,full,fd45f813-2237-4639-b340-2e1b97737da6,0.523,0.4998,1.0,0.0232,7.856568436263681e-05,295.2097924478123,1.7922630113289477,150500,50.0,0.01,1000,0.05
cw,full,04e9f692-f3d6-496b-ae0c-905137cc1f84,0.5225,0.4998,1.0,0.0227,9.630162416536662e-05,235.77045891820495,1.7922636305648976,150517,50.0,0.01,1000,0.05
cw,full,b4198862-dc25-4cff-acd5-b0b954bd3a03,0.5127,0.5,0.0,0.012695,7.390090351138186e-05,171.7883259344146,1.7922635688277841,150491,50.0,0.01,1000,0.05
cw,full,3f350a20-291b-4a3c-8e7b-72b885f19ec9,0.5254,0.5,0.0,0.02539,0.00012440758107500088,204.09226495167383,1.7923581734106135,150518,50.0,0.01,1000,0.05
cw,full,17477206-a644-49de-83a8-b32d5ba9ba5b,0.5176,0.4993,1.0,0.01831,6.314706621962371e-05,289.9667074109978,1.7922630188053752,150515,50.0,0.01,1000,0.05
cw,full,a7cc220e-bef4-4d27-a921-7773ebef1282,0.5156,0.5,0.0,0.01563,5.785777578492384e-05,270.0587740791251,1.7484678161594698,150494,50.0,0.01,1000,0.05
cw,full,a4a95682-8ee5-42a1-a957-a4e8a924da2f,0.519,0.5,0.0,0.01904,0.00010979743065239252,173.4372893404958,1.7484677820801366,150500,50.0,0.01,1000,0.05
cw,full,b9a014f0-6ab0-449a-be4d-1911473dde10,0.513,0.499,1.0,0.01416,6.27461537534346e-05,225.67369316398043,1.7922630464317792,150506,50.0,0.01,1000,0.05
cw,full,35dd41bb-baee-48e7-a450-95532043dc36,0.5195,0.4998,1.0,0.01978,9.284805934244956e-05,212.98658005477915,1.7630670292520247,150495,50.0,0.01,1000,0.05
cw,full,26950e98-3b48-4d7c-b2d0-daa4249be551,0.5195,0.5195,0.0,0.0,0.0,0.0,0.0,0,50.0,0.01,1000,0.05
cw,full,e6dc5d04-2f76-425f-99d7-cae3aa095122,0.516,0.5,0.0,0.01611,5.633912118124305e-05,286.00519340016245,1.7922630714116519,150490,50.0,0.01,1000,0.05
cw,full,abc07cd4-2d0f-4ad8-a516-b45d035dadb1,0.5146,0.4998,1.0,0.01489,9.557222274696344e-05,155.82538206183398,1.7922632063747952,150510,50.0,0.01,1000,0.05
cw,full,b489923b-d8be-4e8d-8620-bea0343a2f67,0.5137,0.5137,0.0,0.0,0.0,0.0,0.0,0,50.0,0.01,1000,0.05
cw,full,073102b7-565c-460a-9b69-13e2f34c4ee9,0.518,0.5,0.0,0.01807,7.613760073382737e-05,237.28625639777815,1.792263279798253,150511,50.0,0.01,1000,0.05
cw,full,5bfdc9ee-e21d-46e5-bbfc-20cea10c3175,0.5146,0.5,0.0,0.01465,7.387618500527376e-05,198.28362141623225,1.719270881510709,150488,50.0,0.01,1000,0.05
cw,full,c7024796-39ed-4eda-906d-65a1fb5d5c52,0.518,0.518,0.0,0.0,0.0,0.0,0.0,0,50.0,0.01,1000,0.05
cw,full,baf86877-7802-4dff-8870-cf2f38bc082a,0.522,0.5,0.0,0.02197,0.00010139410438385639,216.7054621420816,1.792492695990745,150527,50.0,0.01,1000,0.05
cw,full,fc0912c2-0cfc-420e-8c77-0fae34451d7e,0.516,0.5,0.0,0.01611,8.299938744632362e-05,194.1373514303415,1.7776646126807736,150508,50.0,0.01,1000,0.05
cw,full,b539db75-809d-4c0c-8b9f-b0e934ed740e,0.512,0.5,0.0,0.01221,5.4681009005298244e-05,223.24078270520585,1.7922630416077816,150512,50.0,0.01,1000,0.05
cw,full,b3db4730-7c2d-4b91-b09b-2346fef7dc58,0.516,0.5,0.0,0.01611,9.469825000674215e-05,170.1539494964882,1.763066215441041,150498,50.0,0.01,1000,0.05
cw,full,86459db9-dc9d-42f5-818d-9525684d5406,0.5176,0.4998,1.0,0.01782,4.867253089262657e-05,366.1668151966427,1.7922631221793803,150520,50.0,0.01,1000,0.05
cw,full,43605721-d0e0-4d58-b212-b05a295b21be,0.5176,0.5176,0.0,0.0,0.0,0.0,0.0,0,50.0,0.01,1000,0.05
cw,full,bd7e6f9f-2933-496e-b180-4799292c6afc,0.4968,0.4968,1.0,0.0,0.0,181.8696402319847,1.7776645916109959,150501,50.0,0.01,1000,0.05
cw,full,8eb51db4-ac8d-4a83-b071-53fce028dd27,0.516,0.4993,1.0,0.01685,7.592946518235329e-05,221.8598943609549,1.7922633180701244,150469,50.0,0.01,1000,0.05
cw,full,0927e819-9640-487d-a04e-f5d4732dbe0a,0.517,0.497,1.0,0.02002,9.749079340988304e-05,205.34791592941974,1.7922630151813612,150490,50.0,0.01,1000,0.05
cw,full,0a6a5956-58cf-4f17-9e39-7e0d17310f67,0.5156,0.499,1.0,0.0166,4.834110507261042e-05,343.4253824892982,1.7922630142299751,150512,50.0,0.01,1000,0.05
cw,full,0ff5bf5b-6af7-4537-90d0-1c47058d0627,0.519,0.4998,1.0,0.01929,8.584722224012754e-05,224.66783281807992,1.792263145111049,150504,50.0,0.01,1000,0.05
cw,full,7e2b8ceb-9db2-4159-9e63-96d734dd1218,0.521,0.4988,1.0,0.02222,5.9187354301563234e-05,375.3639123859494,1.7922630165941316,150503,50.0,0.01,1000,0.05
cw,full,3f9d98ed-1a89-436c-a528-8d34b10a8530,0.5093,0.4998,1.0,0.00952,5.24491770291734e-05,181.5373455560503,1.777664591949927,150475,50.0,0.01,1000,0.05
cw,full,6d2371e4-f8cd-4f6f-bf9e-1e8773b3960a,0.5215,0.4998,1.0,0.02173,9.352214105385919e-05,232.33552375101607,1.7922630122124907,150470,50.0,0.01,1000,0.05
cw,full,70764772-7dbc-4ab1-a5ed-08108fa547d8,0.52,0.5,0.0,0.02002,8.17101298430123e-05,245.00672422924725,1.7923581999052502,150521,50.0,0.01,1000,0.05
cw,full,59a7bb86-70cd-4b0f-9f17-330e2a76f4aa,0.514,0.5,0.0,0.01416,5.005883637265425e-05,282.8702637849311,1.7776646231090927,150495,50.0,0.01,1000,0.05
cw,full,6821b958-8b00-40f0-8ec2-8912d21acfaa,0.5146,0.5146,0.0,0.0,0.0,0.0,0.0,0,50.0,0.01,1000,0.05
cw,full,53d4697b-98ba-4dbc-892e-a602baec576b,0.514,0.4998,1.0,0.014404,5.687482435798717e-05,253.26314475744655,1.7630662608912662,150506,50.0,0.01,1000,0.05
cw,full,1f45c8c0-4475-45e9-85e5-0cf139d0572b,0.517,0.5,0.0,0.01709,7.308865760763508e-05,233.82347287062296,1.7776649836548128,150495,50.0,0.01,1000,0.05
cw,full,c3c1ef6e-055c-4f54-a7f5-d0f6eed1d2da,0.521,0.5,0.0,0.021,7.92870419811269e-05,264.81116238647087,1.792263012327165,150501,50.0,0.01,1000,0.05
cw,full,3185ee2b-a09e-40fd-8f57-4d2802c0248d,0.518,0.518,0.0,0.0,0.0,0.0,0.0,0,50.0,0.01,1000,0.05
cw,full,c8f8c1af-28f3-420d-85d6-9501a8002097,0.514,0.5,0.0,0.01416,4.966691536438956e-05,285.102389500435,1.792263206941964,150472,50.0,0.01,1000,0.05
cw,full,6735932c-c8ca-45d5-be56-1ff682a3182e,0.5195,0.5,0.0,0.01953,7.602045982437955e-05,256.9209663340681,1.7630661699545382,150514,50.0,0.01,1000,0.05
cw,full,d4a31817-cd95-46ad-b41d-9350faa087c8,0.517,0.5,0.0,0.01709,0.00012752566919204428,134.01101015191455,1.792263030683929,150488,50.0,0.01,1000,0.05
cw,full,8502b7bb-f681-47a1-aa45-06f6b692841a,0.5176,0.4993,1.0,0.01831,6.24581319047244e-05,293.16513824503915,1.7922631617202658,150494,50.0,0.01,1000,0.05
