algorithm,mode,patient_id,clean_prob,adv_prob,success,confidence_drop,efficiency,l2_norm,linf_norm,l0_norm,param_use_torchattacks,param_epsilon
fgsm,lesion,0c5dc7d1-7022-4e46-bc02-ff9999912edd,0.518,0.507,0.0,0.01123,0.0008996864072318148,12.482648010163249,0.0627450980392158,39578,False,0.06274509803921569
fgsm,lesion,bf842c92-c6ed-4be4-b188-c05ec8bf8dc2,0.5225,0.5103,0.0,0.01221,0.0011755314092154385,10.384266334824503,0.0627450980392158,27390,False,0.06274509803921569
fgsm,lesion,f92ddac9-aba6-4607-ba72-6ab7e8776fef,0.52,0.5103,0.0,0.009766,0.0009669670559477674,10.099232368116828,0.0627450980392158,25907,False,0.06274509803921569
fgsm,lesion,7f9623a6-510f-4e84-8e58-12b65a5e9dfc,0.521,0.509,0.0,0.01221,0.0016364889383215237,7.459281237889293,0.0627450980392158,14133,False,0.06274509803921569
fgsm,lesion,051e6e97-fda7-4b5c-8d5f-084bf3607d22,0.5,0.4949,1.0,0.005127,0.0015346276246895225,3.3408450539856407,0.0627450980392158,2835,False,0.06274509803921569
fgsm,lesion,5acc56a4-1b6e-4394-9364-9772047d583f,0.5107,0.4988,1.0,0.01196,0.001776664812593826,6.733341327207486,0.0627450980392158,11516,False,0.06274509803921569
fgsm,lesion,ad4d16e5-a851-4327-b9fe-5977da445669,0.512,0.5024,0.0,0.009766,0.0013367138334349899,7.305696060268838,0.0627450980392158,13557,False,0.06274509803921569
fgsm,lesion,c1f94928-371a-42d0-91ae-f959928694fe,0.5127,0.504,0.0,0.00879,0.0007692287173913705,11.425811717109863,0.0627450980392158,33160,False,0.06274509803921569
fgsm,lesion,96f34fa9-0e56-4fdb-bfd7-781d8c453bcb,0.515,0.5054,0.0,0.009766,0.0018532469685281806,5.26946766799421,0.0627450980392158,7053,False,0.06274509803921569
fgsm,lesion,b9201f87-a5ef-49f1-b45f-4c54272bc5d6,0.519,0.504,0.0,0.01514,0.0012097814092316668,12.51194523440026,0.0627450980392158,39764,False,0.06274509803921569
fgsm,lesion,33a39200-fa81-4530-ae1e-274ca204f3ea,0.5103,0.5015,0.0,0.00879,0.0015791761422413245,5.5655998397581685,0.0627450980392158,7868,False,0.06274509803921569
fgsm,lesion,427412d0-cf4c-4a13-b58e-6ffdd004c6ec,0.5156,0.5044,0.0,0.01123,0.0010282114461463367,10.922333904965638,0.0627450980392158,30302,False,0.06274509803921569
fgsm,lesion,72848196-fd24-4106-9c33-9c29b7a66a04,0.5195,0.5176,0.0,0.001953,0.0005227341460385772,3.736363904240761,0.0627450980392158,3546,False,0.06274509803921569
fgsm,lesion,abcb43a2-7b1d-428a-b909-e54c92acbd5b,0.516,0.5063,0.0,0.009766,0.00204488305420779,4.775639838892634,0.0627450980392158,5793,False,0.06274509803921569
fgsm,lesion,9954f203-ec80-45ce-85a6-fb155368370f,0.5083,0.4978,1.0,0.0105,0.002511227923494612,4.180443659322923,0.0627450980392158,4439,False,0.06274509803921569
fgsm,lesion,077ff78d-27ef-49d4-9e8e-00e458844a3e,0.5166,0.4944,1.0,0.02222,0.0013516677631201226,16.43658113899171,0.0627450980392158,68622,False,0.06274509803921569
fgsm,lesion,bf7b0977-4f77-45a7-8c03-77602f82b905,0.517,0.509,0.0,0.0083,0.0015619188990860702,5.314476468168654,0.0627450980392158,7174,False,0.06274509803921569
fgsm,lesion,c34a3ea0-04d7-4df6-afab-0d7c7280b749,0.5103,0.491,1.0,0.01929,0.002096370842544522,9.200237363836868,0.0627450980392158,21500,False,0.06274509803921569
fgsm,lesion,e2bc24a7-e469-48e2-9d5a-6ffc8557d59e,0.5186,0.507,0.0,0.01172,0.003281171879415408,3.5715135926607293,0.0627450980392158,3240,False,0.06274509803921569
fgsm,lesion,175c8be2-76a4-469b-9595-ed33ecedb3cb,0.5225,0.514,0.0,0.0083,0.0015100800637175599,5.496914656607074,0.0627450980392158,7675,False,0.06274509803921569
fgsm,lesion,bcaf0768-3841-4280-8de4-57e822f38c7a,0.5205,0.507,0.0,0.01367,0.0018134675885733613,7.539078761601064,0.0627450980392158,14437,False,0.06274509803921569
fgsm,lesion,6e73017c-4e3a-499b-a597-4a797bb179de,0.5244,0.5225,0.0,0.001953,0.0005071013755602915,3.8515474204166713,0.0627450980392158,3768,False,0.06274509803921569
fgsm,lesion,dc995045-8ec6-4cef-ba20-350c66732a9b,0.521,0.511,0.0,0.009766,0.0017187523864455828,5.681810282752829,0.06274509803921574,8200,False,0.06274509803921569
fgsm,lesion,83f0d9e7-520b-41ee-a7c0-f93713784281,0.5176,0.5024,0.0,0.01514,0.0010684341579675456,14.167198443102796,0.0627450980392158,50981,False,0.06274509803921569
fgsm,lesion,bfbea630-4c43-485f-b1b2-0e5715109ae3,0.4983,0.4875,1.0,0.01074,0.0011126269847862463,9.65479683286441,0.0627450980392158,23677,False,0.06274509803921569
fgsm,lesion,4a567c8b-ab4e-4c3a-a053-9a23b087545a,0.524,0.4983,1.0,0.02563,0.0024807367847234606,10.333529037846011,0.0627450980392158,27123,False,0.06274509803921569
fgsm,lesion,b900d3e4-787b-44b3-9754-88f93db99c27,0.523,0.5044,0.0,0.01855,0.0016323171867210753,11.367084556003874,0.0627450980392158,32820,False,0.06274509803921569
fgsm,lesion,0983ae59-b906-4fd5-a810-edfe0580fe3b,0.5156,0.5054,0.0,0.010254,0.0014622139921201553,7.012589327305014,0.0627450980392158,12491,False,0.06274509803921569
fgsm,lesion,e15ecf55-b05a-4f6f-bb25-d51d4a438963,0.505,0.504,0.0,0.000977,0.0004909499363700611,1.989128468598887,0.06274509803921574,1005,False,0.06274509803921569
fgsm,lesion,747b1c03-c554-41ea-9d57-7b54894985f3,0.5103,0.5024,0.0,0.007812,0.0008441132967078128,9.255274169982822,0.0627450980392158,21758,False,0.06274509803921569
fgsm,lesion,87e4af8b-1110-481d-86de-f315ca03936d,0.5186,0.5073,0.0,0.01123,0.001542921940130826,7.278701820533148,0.0627450980392158,13457,False,0.06274509803921569
fgsm,lesion,878ae8b8-f206-4d82-8099-3a56f89bb9c4,0.5117,0.499,1.0,0.012695,0.0027644119986548546,4.592409698168486,0.0627450980392158,5357,False,0.06274509803921569
fgsm,lesion,34873b9f-5305-404e-b7f7-5105feede48a,0.5156,0.506,0.0,0.009766,0.0008604655824170749,11.349233706667727,0.0627450980392158,32717,False,0.06274509803921569
fgsm,lesion,72a10e64-2d93-4b61-8b90-8efef7284ced,0.5195,0.5044,0.0,0.01514,0.0017472092656262543,8.663369082525117,0.0627450980392158,19064,False,0.06274509803921569
fgsm,lesion,04e6f392-a196-447f-9b75-f5af995a36d0,0.5186,0.513,0.0,0.00537,0.0020210251111742175,2.6576086066882856,0.0627450980392158,1794,False,0.06274509803921569
fgsm,lesion,5a8415b5-f658-4d37-8144-1aa22420f84f,0.518,0.506,0.0,0.01221,0.0016473060149482853,7.4102996788427085,0.0627450980392158,13948,False,0.06274509803921569
fgsm,lesion,3874e3f6-0c79-4fc1-a874-1d761e475e53,0.5166,0.5044,0.0,0.01221,0.0015039395184910387,8.116703554148504,0.0627450980392158,16734,False,0.06274509803921569
fgsm,lesion,2c376b9a-167a-43d3-bcc2-b4af32fb9f74,0.507,0.502,0.0,0.004883,0.0018986092959155506,2.5717837216525945,0.06274509803921574,1680,False,0.06274509803921569
fgsm,lesion,cf951660-886d-482d-99bf-2bdaedd5f4fd,0.5176,0.4954,1.0,0.02222,0.001724739304167338,12.881249243913027,0.0627450980392158,42146,False,0.06274509803921569
fgsm,lesion,acb5c720-f741-415c-993c-65855be08ffa,0.5234,0.5073,0.0,0.01611,0.0014648311818957953,11.000094368893595,0.0627450980392158,30735,False,0.06274509803921569
fgsm,lesion,112bf6f9-0ac8-4ca0-a84b-ea29811fd871,0.517,0.499,1.0,0.01807,0.0014007085424457076,12.898048158147205,0.0627450980392158,42256,False,0.06274509803921569
fgsm,lesion,e6295ee0-bb33-49e3-9376-8b78f5a3fc52,0.5166,0.511,0.0,0.00537,0.0013999263784888459,3.8366972853233734,0.0627450980392158,3739,False,0.06274509803921569
fgsm,lesion,780579a3-2dcc-4343-9c92-de8be54e2865,0.5146,0.501,0.0,0.01367,0.0017459598344204753,7.830578179983399,0.0627450980392158,15575,False,0.06274509803921569
fgsm,lesion,228b3dc1-f78a-4ac9-b213-2a416583d063,0.521,0.512,0.0,0.00879,0.001424752259770727,6.168835617194827,0.0627450980392158,9666,False,0.06274509803921569
fgsm,lesion,3a010152-9ce2-4780-bdd8-bac6fa101991,0.504,0.4988,1.0,0.005127,0.0016891632119162856,3.035202917006494,0.0627450980392158,2340,False,0.06274509803921569
fgsm,lesion,9b6f8882-b59f-4a4d-8f48-b3f355fd70b9,0.516,0.5107,0.0,0.00537,0.0007071632046785013,7.59526755265814,0.0627450980392158,14653,False,0.06274509803921569
fgsm,lesion,d99282ee-dc00-40d4-bb8d-5f8dba263a05,0.515,0.507,0.0,0.0083,0.00178856945040243,4.6410170039785825,0.0627450980392158,5471,False,0.06274509803921569
fgsm,lesion,1748e4e2-5c73-4794-81fe-2c5fe4af8cdd,0.52,0.5146,0.0,0.00537,0.0008343953549136,6.437108871743675,0.0627450980392158,10525,False,0.06274509803921569
fgsm,lesion,095edab1-09c6-4f83-931e-f0a33b77639c,0.4946,0.4905,1.0,0.00415,0.0007303806988530813,5.682503144200774,0.0627450980392158,8202,False,0.06274509803921569
fgsm,lesion,fd147f16-7eeb-474f-98df-c3b0c39c163c,0.5195,0.511,0.0,0.0083,0.0009999321082868797,8.30134483252256,0.0627450980392158,17504,False,0.06274509803921569
fgsm,lesion,f1ba6a94-27b8-4537-8a11-6c4dbc3fe428,0.5176,0.5103,0.0,0.007324,0.0012031436256420356,6.087568085697273,0.0627450980392158,9413,False,0.06274509803921569
fgsm,lesion,42765f9e-beea-4f46-8af4-f1282095662d,0.5176,0.503,0.0,0.01465,0.0013645136465395892,10.735281045743548,0.0627450980392158,29273,False,0.06274509803921569
fgsm,lesion,624a95b9-354b-415e-8bcc-382c6510469d,0.513,0.5054,0.0,0.007812,0.0007160696076997511,10.910252172181414,0.0627450980392158,30235,False,0.06274509803921569
fgsm,lesion,38929efc-a8ad-42b5-9fff-8ba881a7873e,0.5254,0.507,0.0,0.01855,0.0016670670687607572,11.130138571522663,0.0627450980392158,31466,False,0.06274509803921569
fgsm,lesion,bc7b5348-574e-49a2-a20a-719d942a9c31,0.5166,0.5015,0.0,0.01514,0.002118599815213956,7.144680472506015,0.0627450980392158,12966,False,0.06274509803921569
fgsm,lesion,35ffa64a-fc84-4582-95ad-40d4eab93197,0.5137,0.5073,0.0,0.006348,0.0015374098122558264,4.1287990905379015,0.0627450980392158,4330,False,0.06274509803921569
fgsm,lesion,0c89ca38-27ca-4cd0-88cb-18093fdcb04b,0.512,0.504,0.0,0.0083,0.0016345016611112391,5.078478310026054,0.0627450980392158,6551,False,0.06274509803921569
fgsm,lesion,e5e4f0cf-58ec-4442-a54c-96d5d29d8f0b,0.516,0.513,0.0,0.00293,0.0009719044982656061,3.0143779512380835,0.0627450980392158,2308,False,0.06274509803921569
fgsm,lesion,ae9439c0-31a2-4b2a-946e-f9f497109c42,0.511,0.5063,0.0,0.004883,0.0008403261113896899,5.8106161708122865,0.0627450980392158,8576,False,0.06274509803921569
fgsm,lesion,17f68ac3-2385-4b13-b8c0-66ba8b343205,0.5186,0.505,0.0,0.01367,0.0008113390006460252,16.85100183893593,0.0627450980392158,72126,False,0.06274509803921569
fgsm,lesion,975aac17-f7e4-4b6c-a669-e73b0bb5caef,0.515,0.5093,0.0,0.00586,0.0009472901978927712,6.18540654549278,0.0627450980392158,9718,False,0.06274509803921569
fgsm,lesion,3d384875-3304-44de-8b8b-40a131a722ce,0.5117,0.491,1.0,0.02075,0.0015802372321723137,13.132175781398608,0.0627450980392158,43804,False,0.06274509803921569
fgsm,lesion,bee78c8a-8a21-49b3-b1d5-93c93ccf300c,0.508,0.4983,1.0,0.00952,0.0016387314617080605,5.810277389004529,0.0627450980392158,8575,False,0.06274509803921569
fgsm,lesion,be9e9eea-96d0-43a3-801e-b39bfd209ca7,0.5205,0.5146,0.0,0.00586,0.001634543245381401,3.5847170151116763,0.0627450980392158,3264,False,0.06274509803921569
fgsm,lesion,b34524bc-e812-4067-a0e8-bd7185bfb814,0.5176,0.503,0.0,0.01465,0.00109369395714129,13.39354340710752,0.0627450980392158,45565,False,0.06274509803921569
fgsm,lesion,32c41ed0-6704-465c-94d3-3073b9b4415e,0.5146,0.4983,1.0,0.01636,0.00217617576623676,7.51659039082352,0.0627450980392158,14351,False,0.06274509803921569
fgsm,lesion,0ca3f31a-ace5-4bd2-9900-b152cc212c8e,0.5156,0.5083,0.0,0.007324,0.0013707321717750464,5.343289438379557,0.0627450980392158,7252,False,0.06274509803921569
fgsm,lesion,072e7048-52f1-4b2b-be08-42e0ca1ba1ee,0.514,0.5005,0.0,0.01367,0.0008955904057813626,15.265767590616376,0.0627450980392158,59194,False,0.06274509803921569
fgsm,lesion,32c3e235-1885-4aad-b4ad-2ef8583fbb78,0.508,0.4993,1.0,0.008545,0.0021127240642750057,4.044504437831072,0.0627450980392158,4155,False,0.06274509803921569
fgsm,lesion,49b95513-daab-49bb-bc6e-c5254ab1bc07,0.5195,0.5034,0.0,0.01611,0.0015335015020955405,10.507509260764383,0.0627450980392158,28044,False,0.06274509803921569
fgsm,lesion,e7f182ac-e84e-4e0a-89f9-be61ea3c66c2,0.5107,0.509,0.0,0.001953,0.0008205779410834411,2.3801821789352924,0.0627450980392158,1439,False,0.06274509803921569
fgsm,lesion,f42223b1-1a5b-45c2-a1d2-25c6df776484,0.5234,0.5166,0.0,0.006836,0.0011975896648149815,5.708079894861321,0.0627450980392158,8276,False,0.06274509803921569
fgsm,lesion,3b75d0e1-a430-4d1e-a89e-672d25ca6953,0.5176,0.507,0.0,0.01074,0.0015643026149575474,6.867077624011067,0.0627450980392158,11978,False,0.06274509803921569
fgsm,lesion,963b58ae-2175-4aa5-90be-c37d44809c91,0.5103,0.505,0.0,0.00537,0.0009512486285637932,5.646361612733,0.0627450980392158,8098,False,0.06274509803921569
fgsm,lesion,4206173d-0db2-4f32-80fb-0bd99d5532e1,0.5244,0.5103,0.0,0.01416,0.002679809232907574,5.284016507338562,0.06274509803921574,7092,False,0.06274509803921569
fgsm,lesion,b97b78b8-bcb0-4694-aa55-d3ca9c4396df,0.5244,0.505,0.0,0.01953,0.0020293104953133826,9.624574467442804,0.0627450980392158,23529,False,0.06274509803921569
fgsm,lesion,9a4b8ac5-0371-4bc0-a609-32ad46806f7c,0.5195,0.516,0.0,0.003418,0.0007731653776681226,4.420747282524454,0.0627450980392158,4964,False,0.06274509803921569
fgsm,lesion,3ef164d4-0e03-4695-bc05-bad84b526960,0.499,0.4932,1.0,0.00586,0.0015762239862770117,3.7173492062364866,0.06274509803921574,3510,False,0.06274509803921569
fgsm,lesion,bc6dd946-0b3f-445f-8d78-3cc39a0b14ae,0.523,0.5146,0.0,0.0083,0.0015751482620813308,5.269841216902487,0.0627450980392158,7054,False,0.06274509803921569
fgsm,lesion,78228039-bc86-44ce-8a13-57cf49ccf493,0.506,0.4966,1.0,0.00928,0.002225248369189008,4.1691273011149965,0.0627450980392158,4415,False,0.06274509803921569
fgsm,lesion,af31012f-209d-41cf-a2f4-4ef1105067c9,0.512,0.5005,0.0,0.01172,0.0014151901943288202,8.28068907826621,0.0627450980392158,17417,False,0.06274509803921569
fgsm,lesion,0a15acdd-248c-47ff-abfc-d33f8a0cf417,0.5166,0.5054,0.0,0.01123,0.0008563806067987297,13.113875597226862,0.0627450980392158,43682,False,0.06274509803921569
fgsm,lesion,b3e8a708-d8e1-434e-92ca-5d5e79aca86e,0.5205,0.5015,0.0,0.01904,0.0016204567352719622,11.751605778354483,0.0627450980392158,35078,False,0.06274509803921569
fgsm,lesion,c60a0502-26cb-40a1-8343-43625a3c4e3f,0.5176,0.51,0.0,0.007812,0.001514723167082582,5.157708124250822,0.06274509803921574,6757,False,0.06274509803921569
fgsm,lesion,be8c0087-ae1c-4b60-acb0-4b2e6157eadb,0.5083,0.4983,1.0,0.01001,0.0011038398604080433,9.068132047941637,0.0627450980392158,20887,False,0.06274509803921569
fgsm,lesion,42da1a6f-7984-4d82-b10a-603b8e3724c5,0.515,0.5137,0.0,0.001465,0.00031562990301219355,4.6410170039785825,0.0627450980392158,5471,False,0.06274509803921569
fgsm,lesion,85727853-cb45-478d-a517-a0f0c85d0eb5,0.5254,0.509,0.0,0.0166,0.0015834475331490208,10.484441155527144,0.0627450980392158,27921,False,0.06274509803921569
fgsm,lesion,8c2aa2bb-ac88-4f14-a322-72d7e23749e8,0.522,0.505,0.0,0.01709,0.0013961420348315207,12.240762980896061,0.0627450980392158,38059,False,0.06274509803921569
fgsm,lesion,5df1e543-92ca-42f2-94a8-7446f944a1ba,0.5073,0.4949,1.0,0.01245,0.0009782996366779514,12.727360205813744,0.0627450980392158,41145,False,0.06274509803921569
fgsm,lesion,32e8b837-8656-47e1-87ec-b365c7670984,0.5103,0.5073,0.0,0.00293,0.0008866792795981565,3.304111823229864,0.0627450980392158,2773,False,0.06274509803921569
fgsm,lesion,fb10f71b-fd9d-43cc-a310-c5b48b7d22c8,0.5137,0.5044,0.0,0.00928,0.00107196723990059,8.654503042593607,0.06274509803921574,19025,False,0.06274509803921569
fgsm,lesion,9bc684ec-12a8-4c76-85a3-29a75d550968,0.5146,0.508,0.0,0.006836,0.0007493527991024469,9.122455405110063,0.0627450980392158,21138,False,0.06274509803921569
fgsm,lesion,39919c47-0f93-417f-96fb-1aa8a6d6e7ab,0.5215,0.5107,0.0,0.01074,0.001019629237499646,10.53538589786411,0.0627450980392158,28193,False,0.06274509803921569
fgsm,lesion,0d77cf1a-64d4-4f8a-938b-9b838d549090,0.5176,0.4944,1.0,0.0232,0.002144207243060748,10.816752638355316,0.0627450980392158,29719,False,0.06274509803921569
fgsm,lesion,9e6239f2-9352-4bad-a19a-22538ddd0e27,0.514,0.513,0.0,0.000977,0.00012099675707075028,8.070980763715909,0.06274509803921574,16546,False,0.06274509803921569
fgsm,lesion,9efa04ab-254a-4047-8f2f-91e5fe93062f,0.5225,0.5107,0.0,0.01172,0.0014226014399425716,8.23754964443664,0.0627450980392158,17236,False,0.06274509803921569
fgsm,lesion,342bd0cf-b337-40e9-8512-eb170292e2f2,0.5195,0.515,0.0,0.004395,0.0015261723109911904,2.879446313558262,0.0627450980392158,2106,False,0.06274509803921569
fgsm,lesion,67bc7433-4582-493a-af6b-82d0383d9c32,0.513,0.504,0.0,0.00928,0.002060946705190432,4.501496184266107,0.0627450980392158,5147,False,0.06274509803921569
fgsm,lesion,49f0fa25-89cd-41a7-9c70-4d7d8d9be572,0.522,0.5044,0.0,0.01758,0.0025986770442663035,6.764259149784479,0.0627450980392158,11622,False,0.06274509803921569
fgsm,lesion,c1273696-fdec-48a9-988c-74e57b6323fa,0.5024,0.4927,1.0,0.009766,0.0016988757954490498,5.74828660763277,0.0627450980392158,8393,False,0.06274509803921569
fgsm,lesion,2fba3da2-e622-477e-a8fe-8fcc06550b25,0.514,0.506,0.0,0.0083,0.0010031177560079502,8.27498186554185,0.0627450980392158,17393,False,0.06274509803921569
fgsm,lesion,bf99f510-56e1-421b-ad0f-ad10f4cdd3a3,0.5205,0.498,1.0,0.02246,0.0031113816935640594,7.218959189528876,0.0627450980392158,13237,False,0.06274509803921569
fgsm,lesion,3e3babaa-b242-4dac-a549-9c87dec28ead,0.511,0.505,0.0,0.006348,0.0014251527580651593,4.454018139337069,0.0627450980392158,5039,False,0.06274509803921569
fgsm,lesion,b7fe2048-abe7-4f69-b82a-ed93c354a8aa,0.517,0.5005,0.0,0.0166,0.001203727466354686,13.791795030014683,0.0627450980392158,48315,False,0.06274509803921569
fgsm,lesion,b829950f-6e68-4f84-9d7c-65a0aa3d0cab,0.515,0.497,1.0,0.01807,0.0022864097816454898,7.9016484149808965,0.0627450980392158,15859,False,0.06274509803921569
fgsm,lesion,01a7353d-25bb-4ff8-916b-f50dd541dccf,0.5146,0.509,0.0,0.00586,0.0008962652814712622,6.537545425634365,0.0627450980392158,10856,False,0.06274509803921569
fgsm,lesion,453a9434-2ca7-4a28-b6f3-833b994e6e73,0.5186,0.5073,0.0,0.01123,0.0013648317240727203,8.228464021073197,0.0627450980392158,17198,False,0.06274509803921569
fgsm,lesion,df6fce59-efa3-41a1-bdf7-1ff27cad394f,0.517,0.511,0.0,0.00586,0.0012403851832165542,4.723835036792101,0.06274509803921574,5668,False,0.06274509803921569
fgsm,lesion,fdfce1ff-203e-4b23-a360-3803558a7f7a,0.5205,0.5156,0.0,0.004883,0.0011095626604211183,4.400664030142447,0.0627450980392158,4919,False,0.06274509803921569
fgsm,lesion,3b1a0e72-4870-4927-8171-293f1a767bde,0.516,0.5044,0.0,0.01172,0.0012729157037438743,9.206226266832822,0.0627450980392158,21528,False,0.06274509803921569
fgsm,lesion,13932109-fbd1-4b6b-b81c-91682740cc50,0.518,0.503,0.0,0.01514,0.001572314737702237,9.627028464032259,0.0627450980392158,23541,False,0.06274509803921569
fgsm,lesion,3817e718-4a42-4d67-a34a-ab1a4b9d52b3,0.503,0.4973,1.0,0.005615,0.001371627739720808,4.0938471851164895,0.0627450980392158,4257,False,0.06274509803921569
fgsm,lesion,bf3ef845-34ab-4b80-81e7-ac7a3b23485a,0.509,0.495,1.0,0.01367,0.0028710253964981574,4.76201812354763,0.0627450980392158,5760,False,0.06274509803921569
fgsm,lesion,b7b51f82-2aa9-4375-a84f-25c52eeb0b40,0.516,0.5054,0.0,0.01074,0.001269045612047187,8.464776510263144,0.0627450980392158,18200,False,0.06274509803921569
fgsm,lesion,dd033b96-06ce-4587-b781-e0e2dd4026ac,0.523,0.5156,0.0,0.007324,0.0009969620242801795,7.346537342100436,0.0627450980392158,13709,False,0.06274509803921569
fgsm,lesion,8917b2df-a22a-4da0-935c-397926ad5a1a,0.513,0.504,0.0,0.00928,0.0013475056732873611,6.884827218494769,0.0627450980392158,12040,False,0.06274509803921569
fgsm,lesion,a81ed846-615a-4432-8e34-67b1169ebea5,0.5283,0.5186,0.0,0.009766,0.0012995716878787188,7.51449502793081,0.0627450980392158,14343,False,0.06274509803921569
fgsm,lesion,3f25e62e-b79f-4cdd-8607-adc010808d4c,0.5103,0.507,0.0,0.003418,0.0007317370140074088,4.671034370618872,0.0627450980392158,5542,False,0.06274509803921569
fgsm,lesion,b435cc3a-cc81-4361-ac91-235b4150265e,0.514,0.5063,0.0,0.007812,0.000839267114805601,9.308716919543468,0.0627450980392158,22010,False,0.06274509803921569
fgsm,lesion,38b147a7-352b-4adb-88b5-2449d362acae,0.52,0.5073,0.0,0.012695,0.001372693905101016,9.248465691511042,0.0627450980392158,21726,False,0.06274509803921569
fgsm,lesion,b6271674-f13d-4087-ae03-d6ae35381dfc,0.5176,0.512,0.0,0.00537,0.001348268942015159,3.98369610775839,0.06274509803921574,4031,False,0.06274509803921569
fgsm,lesion,059f1e59-573c-49d1-ac78-3323a2ff047f,0.506,0.502,0.0,0.003906,0.001456900338636469,2.6812060384905285,0.0627450980392158,1826,False,0.06274509803921569
fgsm,lesion,d20338e0-8ae9-4a30-9a0e-8225aae32073,0.516,0.5044,0.0,0.01172,0.0014983659793895204,7.821019795037601,0.0627450980392158,15537,False,0.06274509803921569
fgsm,lesion,94399962-8f89-4dfa-a93f-7a3df88feca5,0.522,0.4988,1.0,0.0232,0.002212962069567958,10.480685445005605,0.0627450980392158,27901,False,0.06274509803921569
fgsm,lesion,d759f178-2451-47bc-80c0-2efe67588693,0.5176,0.514,0.0,0.003418,0.0010193168011507978,3.3531957247717115,0.06274509803921574,2856,False,0.06274509803921569
fgsm,lesion,baf8fe18-a7ca-4e9c-b3dc-5c80d474545b,0.5195,0.512,0.0,0.007324,0.0012888285500740582,5.682849543246736,0.0627450980392158,8203,False,0.06274509803921569
fgsm,lesion,9708b405-8887-4824-b354-f7c245eedfc3,0.522,0.5083,0.0,0.01367,0.001719662105777216,7.950326367530358,0.0627450980392158,16055,False,0.06274509803921569
fgsm,lesion,f7856767-112d-4ff6-8b20-1188c0c47a1a,0.5205,0.507,0.0,0.01367,0.0024695565052208802,5.536166087473915,0.0627450980392158,7785,False,0.06274509803921569
fgsm,lesion,4fd86b92-7ee7-44b7-8b94-7bafbedfaedd,0.5205,0.5005,0.0,0.02002,0.0017592824200265934,11.37937320609647,0.0627450980392158,32891,False,0.06274509803921569
fgsm,lesion,b23184fc-0e6e-4802-a451-da82e2ac6e9a,0.5195,0.5117,0.0,0.007812,0.001609990546754549,4.8525129539727345,0.0627450980392158,5981,False,0.06274509803921569
fgsm,lesion,1923df31-e23a-4ee4-86f8-35d124af2f61,0.521,0.5063,0.0,0.01465,0.0016775687345059957,8.731944737595464,0.0627450980392158,19367,False,0.06274509803921569
fgsm,lesion,b6d61fae-fa1f-4328-b065-033ee168cd98,0.5073,0.496,1.0,0.01123,0.0016936761744601931,6.63082406330868,0.0627450980392158,11168,False,0.06274509803921569
fgsm,lesion,6ccf77da-c917-4fc1-8bf7-f0e7bfd3acf4,0.5205,0.5103,0.0,0.010254,0.0008776347888338909,11.683568577366865,0.0627450980392158,34673,False,0.06274509803921569
fgsm,lesion,b5017804-ddc0-44fa-8d64-15628c25e031,0.512,0.4907,1.0,0.02148,0.002761348597761403,7.780392156862656,0.0627450980392158,15376,False,0.06274509803921569
fgsm,lesion,37f025d9-05c0-4e27-9a75-2e6a2085fa30,0.4976,0.4934,1.0,0.00415,0.0011597573627622798,3.5786714934209467,0.0627450980392158,3253,False,0.06274509803921569
fgsm,lesion,2456fcb4-82bd-4fa9-8ef2-8e1250c3ff50,0.517,0.507,0.0,0.010254,0.0028719119238863125,3.570411103487167,0.0627450980392158,3238,False,0.06274509803921569
fgsm,lesion,b090dd7d-b4d9-4ebe-b36d-95f83510e955,0.5166,0.5024,0.0,0.01416,0.0013493075724962558,10.49438728807417,0.0627450980392158,27974,False,0.06274509803921569
fgsm,lesion,67b8ef8a-5285-4eec-88c8-8f4fe53f0f6e,0.52,0.515,0.0,0.004883,0.0011539314669572096,4.231457957668947,0.06274509803921574,4548,False,0.06274509803921569
fgsm,lesion,aafca7fa-b482-4e37-bbc4-96da4b744847,0.517,0.504,0.0,0.01318,0.0010222354366337737,12.896827156756846,0.0627450980392158,42248,False,0.06274509803921569
fgsm,lesion,0808c4af-9ed6-46e3-a936-2cafb0004e6a,0.5234,0.5103,0.0,0.01318,0.0014349994909951156,9.18717659370576,0.0627450980392158,21439,False,0.06274509803921569
fgsm,lesion,01f3abc2-33c7-4ea2-a599-dc49b76fcfae,0.525,0.5103,0.0,0.01465,0.0020002078219869455,7.323457752228272,0.0627450980392158,13623,False,0.06274509803921569
fgsm,lesion,eb3d5fed-558d-4aba-b13e-f7917c49c79b,0.5234,0.5137,0.0,0.009766,0.0019613422946299416,4.979051849911348,0.06274509803921574,6297,False,0.06274509803921569
fgsm,lesion,2278d9f3-e7bf-4e36-a194-aaf5bdb20762,0.5127,0.504,0.0,0.00879,0.0009314193393915197,9.436203564795584,0.0627450980392158,22617,False,0.06274509803921569
fgsm,lesion,ae06ef31-ae55-4e3c-9460-ae5c3733bedb,0.5166,0.5015,0.0,0.01514,0.0014084586082744063,10.74700999162509,0.0627450980392158,29337,False,0.06274509803921569
fgsm,lesion,6365ff26-72cf-4428-8610-66aab9c787c9,0.518,0.506,0.0,0.01221,0.0013857917097076769,8.808705630600915,0.0627450980392158,19709,False,0.06274509803921569
fgsm,lesion,261341d3-1df2-4cf4-b9a8-b1e02a124900,0.5137,0.5073,0.0,0.006348,0.0008919950870206658,7.116245743327717,0.0627450980392158,12863,False,0.06274509803921569
fgsm,lesion,361c09b7-beb1-4be9-bb4b-c6400c293a19,0.5195,0.501,0.0,0.01855,0.001582633147251128,11.72393458105011,0.0627450980392158,34913,False,0.06274509803921569
fgsm,lesion,1d1c3fb7-71d6-4104-8a93-320e4959bbdb,0.523,0.5176,0.0,0.00537,0.000918064325979132,5.8504546890992515,0.06274509803921574,8694,False,0.06274509803921569
fgsm,lesion,3fa13d7f-8b18-443d-8dfe-2b098bfec24a,0.524,0.5103,0.0,0.01367,0.0013973978482857228,9.78380995991813,0.06274509803921574,24314,False,0.06274509803921569
fgsm,lesion,755c7169-e84a-4327-a4d6-b0ff906a88f8,0.5234,0.516,0.0,0.007324,0.0009572836099368709,7.651043707841365,0.0627450980392158,14869,False,0.06274509803921569
fgsm,lesion,5b684669-0ee0-44ff-851b-e2f6146c7e30,0.511,0.5083,0.0,0.00293,0.0007614608376905003,3.8474565563622303,0.0627450980392158,3760,False,0.06274509803921569
fgsm,lesion,ada5d3a7-098d-4691-ba53-e633cfd3b86f,0.514,0.493,1.0,0.02124,0.0018947331812355333,11.210145347326508,0.0627450980392158,31920,False,0.06274509803921569
fgsm,lesion,339907f7-5f76-40b4-8476-9c3460417d16,0.522,0.505,0.0,0.01709,0.0016374847134029255,10.4366432209984,0.0627450980392158,27667,False,0.06274509803921569
fgsm,lesion,48ea9943-604a-4f7f-bf84-22ef754c5e2b,0.522,0.5063,0.0,0.01563,0.001302039948325882,12.000399839551532,0.0627450980392158,36579,False,0.06274509803921569
fgsm,lesion,6f0d2ff9-c0dc-48c3-a944-1f18dc185e1f,0.5137,0.4954,1.0,0.01831,0.003588034316826352,5.103225115002662,0.06274509803921574,6615,False,0.06274509803921569
fgsm,lesion,a0c22f32-1156-4c62-894a-19ce51aee219,0.517,0.508,0.0,0.00928,0.0007472993476694408,12.414494635195014,0.0627450980392158,39147,False,0.06274509803921569
fgsm,lesion,f655a822-225d-4fe0-a69f-0886f91c5f2b,0.524,0.519,0.0,0.004883,0.0011673557297363054,4.1827973803918574,0.0627450980392158,4444,False,0.06274509803921569
fgsm,lesion,3bf6bb05-9ec6-4c32-a8c4-fdd7704c188c,0.522,0.511,0.0,0.01074,0.0015856265173637446,6.774727444646705,0.0627450980392158,11658,False,0.06274509803921569
fgsm,lesion,ec4cf99b-0d23-4aa5-abac-3f8ae0257eb9,0.5195,0.5117,0.0,0.007812,0.00214611589496281,3.6402973375649053,0.0627450980392158,3366,False,0.06274509803921569
fgsm,lesion,fd45f813-2237-4639-b340-2e1b97737da6,0.523,0.514,0.0,0.00879,0.0012686016530037484,6.928149956689371,0.0627450980392158,12192,False,0.06274509803921569
fgsm,lesion,04e9f692-f3d6-496b-ae0c-905137cc1f84,0.5225,0.516,0.0,0.006348,0.0008566605481386278,7.40976837934901,0.0627450980392158,13946,False,0.06274509803921569
fgsm,lesion,b4198862-dc25-4cff-acd5-b0b954bd3a03,0.5127,0.5044,0.0,0.0083,0.0006006404505744622,13.819883819104414,0.0627450980392158,48512,False,0.06274509803921569
fgsm,lesion,3f350a20-291b-4a3c-8e7b-72b885f19ec9,0.5254,0.5093,0.0,0.01611,0.0018790528678660201,8.575214410815809,0.0627450980392158,18678,False,0.06274509803921569
fgsm,lesion,17477206-a644-49de-83a8-b32d5ba9ba5b,0.5176,0.5073,0.0,0.010254,0.0014642081078299599,7.003038830699275,0.0627450980392158,12457,False,0.06274509803921569
fgsm,lesion,a7cc220e-bef4-4d27-a921-7773ebef1282,0.5156,0.511,0.0,0.004395,0.000857249260306535,5.126316749291929,0.0627450980392158,6675,False,0.06274509803921569
fgsm,lesion,a4a95682-8ee5-42a1-a957-a4e8a924da2f,0.519,0.5146,0.0,0.004395,0.0005563642620584943,7.898658386462521,0.0627450980392158,15847,False,0.06274509803921569
fgsm,lesion,b9a014f0-6ab0-449a-be4d-1911473dde10,0.513,0.503,0.0,0.010254,0.001093005135877453,9.38138889058213,0.0627450980392158,22355,False,0.06274509803921569
fgsm,lesion,35dd41bb-baee-48e7-a450-95532043dc36,0.5195,0.509,0.0,0.01074,0.0007518989642597629,14.286743303412562,0.0627450980392158,51845,False,0.06274509803921569
fgsm,lesion,26950e98-3b48-4d7c-b2d0-daa4249be551,0.5195,0.4883,1.0,0.03125,0.0029282693019169665,10.671832659058973,0.0627450980392158,28928,False,0.06274509803921569
fgsm,lesion,e6dc5d04-2f76-425f-99d7-cae3aa095122,0.516,0.504,0.0,0.01221,0.0029658185695306204,4.115906261344144,0.0627450980392158,4303,False,0.06274509803921569
fgsm,lesion,abc07cd4-2d0f-4ad8-a516-b45d035dadb1,0.5146,0.506,0.0,0.00879,0.0010694670013370045,8.218170806876321,0.0627450980392158,17155,False,0.06274509803921569
fgsm,lesion,b489923b-d8be-4e8d-8620-bea0343a2f67,0.5137,0.5103,0.0,0.003418,0.000912343783544577,3.7463605304541,0.0627450980392158,3565,False,0.06274509803921569
fgsm,lesion,073102b7-565c-460a-9b69-13e2f34c4ee9,0.518,0.5044,0.0,0.01367,0.0009164175956184996,14.91882636933497,0.0627450980392158,56534,False,0.06274509803921569
fgsm,lesion,5bfdc9ee-e21d-46e5-bbfc-20cea10c3175,0.5146,0.5044,0.0,0.010254,0.0008247624143723955,12.432557622736851,0.0627450980392158,39261,False,0.06274509803921569
fgsm,lesion,c7024796-39ed-4eda-906d-65a1fb5d5c52,0.518,0.508,0.0,0.010254,0.0017646848339183487,5.8106161708122865,0.0627450980392158,8576,False,0.06274509803921569
fgsm,lesion,baf86877-7802-4dff-8870-cf2f38bc082a,0.522,0.5034,0.0,0.01855,0.0013487945905942295,13.75649607130878,0.0627450980392158,48068,False,0.06274509803921569
fgsm,lesion,fc0912c2-0cfc-420e-8c77-0fae34451d7e,0.516,0.5117,0.0,0.004395,0.0006904386056965501,6.364839982639997,0.0627450980392158,10290,False,0.06274509803921569
fgsm,lesion,b539db75-809d-4c0c-8b9f-b0e934ed740e,0.512,0.503,0.0,0.00928,0.0007928737367505048,11.700909378198489,0.0627450980392158,34776,False,0.06274509803921569
fgsm,lesion,b3db4730-7c2d-4b91-b09b-2346fef7dc58,0.516,0.501,0.0,0.01514,0.0018806855697334037,8.048511125301422,0.0627450980392158,16454,False,0.06274509803921569
fgsm,lesion,86459db9-dc9d-42f5-818d-9525684d5406,0.5176,0.501,0.0,0.0166,0.0013974318562783277,11.880051547013776,0.0627450980392158,35849,False,0.06274509803921569
fgsm,lesion,43605721-d0e0-4d58-b212-b05a295b21be,0.5176,0.507,0.0,0.01074,0.0014680588704447048,7.317272966080294,0.0627450980392158,13600,False,0.06274509803921569
fgsm,lesion,bd7e6f9f-2933-496e-b180-4799292c6afc,0.4968,0.4949,1.0,0.001953,0.000473596367137135,4.124028668274154,0.0627450980392158,4320,False,0.06274509803921569
fgsm,lesion,8eb51db4-ac8d-4a83-b071-53fce028dd27,0.516,0.501,0.0,0.01514,0.0010849574541341362,13.95143992188198,0.0627450980392158,49440,False,0.06274509803921569
fgsm,lesion,0927e819-9640-487d-a04e-f5d4732dbe0a,0.517,0.505,0.0,0.01221,0.0021257486848185033,5.742462086850474,0.06274509803921574,8376,False,0.06274509803921569
fgsm,lesion,0a6a5956-58cf-4f17-9e39-7e0d17310f67,0.5156,0.5015,0.0,0.01416,0.0017900203845262147,7.9106117195686165,0.0627450980392158,15895,False,0.06274509803921569
fgsm,lesion,0ff5bf5b-6af7-4537-90d0-1c47058d0627,0.519,0.5073,0.0,0.01172,0.0011802780336673893,9.928804615455247,0.0627450980392158,25040,False,0.06274509803921569
fgsm,lesion,7e2b8ceb-9db2-4159-9e63-96d734dd1218,0.521,0.5073,0.0,0.01367,0.0020356955141159765,6.716070691731228,0.0627450980392158,11457,False,0.06274509803921569
fgsm,lesion,3f9d98ed-1a89-436c-a528-8d34b10a8530,0.5093,0.5015,0.0,0.007812,0.0005424278847763845,14.402836236555977,0.0627450980392158,52691,False,0.06274509803921569
fgsm,lesion,6d2371e4-f8cd-4f6f-bf9e-1e8773b3960a,0.5215,0.506,0.0,0.01563,0.0017087692302262222,9.144008275970494,0.06274509803921574,21238,False,0.06274509803921569
fgsm,lesion,70764772-7dbc-4ab1-a5ed-08108fa547d8,0.52,0.516,0.0,0.003906,0.00107353645717945,3.6386747400527963,0.06274509803921574,3363,False,0.06274509803921569
fgsm,lesion,59a7bb86-70cd-4b0f-9f17-330e2a76f4aa,0.514,0.496,1.0,0.01807,0.0017969880980899014,10.053715019723116,0.06274509803921574,25674,False,0.06274509803921569
fgsm,lesion,6821b958-8b00-40f0-8ec2-8912d21acfaa,0.5146,0.508,0.0,0.006836,0.0016037343355998206,4.262512395113069,0.0627450980392158,4615,False,0.06274509803921569
fgsm,lesion,53d4697b-98ba-4dbc-892e-a602baec576b,0.514,0.506,0.0,0.0083,0.0007311946310530735,11.352355296609861,0.06274509803921574,32735,False,0.06274509803921569
fgsm,lesion,1f45c8c0-4475-45e9-85e5-0cf139d0572b,0.517,0.5137,0.0,0.003418,0.000909668469622915,3.7573784901219742,0.06274509803921574,3586,False,0.06274509803921569
fgsm,lesion,c3c1ef6e-055c-4f54-a7f5-d0f6eed1d2da,0.521,0.5073,0.0,0.01367,0.0014628143018157835,9.346282004763715,0.0627450980392158,22188,False,0.06274509803921569
fgsm,lesion,3185ee2b-a09e-40fd-8f57-4d2802c0248d,0.518,0.5054,0.0,0.012695,0.0022842279472311674,5.55781330516789,0.0627450980392158,7846,False,0.06274509803921569
fgsm,lesion,c8f8c1af-28f3-420d-85d6-9501a8002097,0.514,0.5034,0.0,0.01074,0.0015524242786421243,6.91962090020374,0.0627450980392158,12162,False,0.06274509803921569
fgsm,lesion,6735932c-c8ca-45d5-be56-1ff682a3182e,0.5195,0.5103,0.0,0.00928,0.002738104918134086,3.3882352941176217,0.0627450980392158,2916,False,0.06274509803921569
fgsm,lesion,d4a31817-cd95-46ad-b41d-9350faa087c8,0.517,0.5054,0.0,0.01172,0.0009595505109659503,12.21274946600527,0.0627450980392158,37885,False,0.06274509803921569
fgsm,lesion,8502b7bb-f681-47a1-aa45-06f6b692841a,0.5176,0.499,1.0,0.01855,0.002293952728973761,8.08852215771736,0.0627450980392158,16618,False,0.06274509803921569
fgsm,random_patch,bf842c92-c6ed-4be4-b188-c05ec8bf8dc2,0.5225,0.504,0.0,0.01855,0.0007632996611206363,24.308523162614787,0.06274509803921591,150092,False,0.06274509803921569
fgsm,random_patch,f92ddac9-aba6-4607-ba72-6ab7e8776fef,0.52,0.507,0.0,0.01318,0.0005420376165541613,24.322285653143958,0.0627450980392158,150262,False,0.06274509803921569
fgsm,random_patch,7f9623a6-510f-4e84-8e58-12b65a5e9dfc,0.521,0.5054,0.0,0.01563,0.000642323053751657,24.325765519881067,0.0627450980392158,150305,False,0.06274509803921569
fgsm,random_patch,051e6e97-fda7-4b5c-8d5f-084bf3607d22,0.5,0.485,1.0,0.01489,0.0006123853044632082,24.318967176931796,0.0627450980392158,150221,False,0.06274509803921569
fgsm,random_patch,5acc56a4-1b6e-4394-9364-9772047d583f,0.5107,0.4858,1.0,0.0249,0.0010236274559688578,24.327545724331703,0.0627450980392158,150327,False,0.06274509803921569
fgsm,random_patch,ad4d16e5-a851-4327-b9fe-5977da445669,0.512,0.4973,1.0,0.01489,0.0006126484122152475,24.308523162614787,0.0627450980392158,150092,False,0.06274509803921569
fgsm,random_patch,96f34fa9-0e56-4fdb-bfd7-781d8c453bcb,0.515,0.4907,1.0,0.02441,0.0010039938817317034,24.316943493570225,0.06274509803921591,150196,False,0.06274509803921569
fgsm,random_patch,33a39200-fa81-4530-ae1e-274ca204f3ea,0.5103,0.4966,1.0,0.01367,0.0005622478041637562,24.31645778450306,0.06274509803921591,150190,False,0.06274509803921569
fgsm,random_patch,72848196-fd24-4106-9c33-9c29b7a66a04,0.5195,0.5005,0.0,0.01904,0.0007832690847615999,24.31216693298106,0.0627450980392158,150137,False,0.06274509803921569
fgsm,random_patch,abcb43a2-7b1d-428a-b909-e54c92acbd5b,0.516,0.501,0.0,0.01514,0.000622486567997334,24.31653873668799,0.0627450980392158,150191,False,0.06274509803921569
fgsm,random_patch,9954f203-ec80-45ce-85a6-fb155368370f,0.5083,0.4893,1.0,0.01904,0.000782758315960942,24.328031212028183,0.0627450980392158,150333,False,0.06274509803921569
fgsm,random_patch,bf7b0977-4f77-45a7-8c03-77602f82b905,0.517,0.4966,1.0,0.02051,0.0008435289804548842,24.31192403194683,0.0627450980392158,150134,False,0.06274509803921569
fgsm,random_patch,c34a3ea0-04d7-4df6-afab-0d7c7280b749,0.5103,0.4944,1.0,0.01587,0.0006523159534255526,24.32738389294652,0.0627450980392158,150325,False,0.06274509803921569
fgsm,random_patch,e2bc24a7-e469-48e2-9d5a-6ffc8557d59e,0.5186,0.4949,1.0,0.02368,0.0009739875554879552,24.31411005389687,0.06274509803921591,150161,False,0.06274509803921569
fgsm,random_patch,175c8be2-76a4-469b-9595-ed33ecedb3cb,0.5225,0.504,0.0,0.01855,0.0007635489749344453,24.30058594991569,0.0627450980392158,149994,False,0.06274509803921569
fgsm,random_patch,bcaf0768-3841-4280-8de4-57e822f38c7a,0.5205,0.4998,1.0,0.02075,0.0008537586720210862,24.306579595070726,0.0627450980392158,150068,False,0.06274509803921569
fgsm,random_patch,6e73017c-4e3a-499b-a597-4a797bb179de,0.5244,0.5044,0.0,0.02002,0.0008236507117036624,24.305850717174188,0.0627450980392158,150059,False,0.06274509803921569
fgsm,random_patch,dc995045-8ec6-4cef-ba20-350c66732a9b,0.521,0.504,0.0,0.01709,0.000703224254795466,24.30212499985281,0.0627450980392158,150013,False,0.06274509803921569
fgsm,random_patch,bfbea630-4c43-485f-b1b2-0e5715109ae3,0.4983,0.4878,1.0,0.0105,0.0004315062586384727,24.328840336660047,0.0627450980392158,150343,False,0.06274509803921569
fgsm,random_patch,4a567c8b-ab4e-4c3a-a053-9a23b087545a,0.524,0.5015,0.0,0.02246,0.0009239635472258323,24.309332936562843,0.0627450980392158,150102,False,0.06274509803921569
fgsm,random_patch,b900d3e4-787b-44b3-9754-88f93db99c27,0.523,0.502,0.0,0.021,0.0008635152316227583,24.314676768246464,0.0627450980392158,150168,False,0.06274509803921569
fgsm,random_patch,0983ae59-b906-4fd5-a810-edfe0580fe3b,0.5156,0.4946,1.0,0.021,0.0008640159453205567,24.300585949915686,0.06274509803921591,149994,False,0.06274509803921569
fgsm,random_patch,e15ecf55-b05a-4f6f-bb25-d51d4a438963,0.505,0.4863,1.0,0.01855,0.0007630048703577601,24.317914882600906,0.06274509803921591,150208,False,0.06274509803921569
fgsm,random_patch,747b1c03-c554-41ea-9d57-7b54894985f3,0.5103,0.5024,0.0,0.007812,0.0003211796906399581,24.324389818115876,0.0627450980392158,150288,False,0.06274509803921569
fgsm,random_patch,87e4af8b-1110-481d-86de-f315ca03936d,0.5186,0.4998,1.0,0.0188,0.0007732348987503106,24.31192403194683,0.06274509803921591,150134,False,0.06274509803921569
fgsm,random_patch,878ae8b8-f206-4d82-8099-3a56f89bb9c4,0.5117,0.496,1.0,0.01563,0.0006424833686619698,24.319695661719077,0.0627450980392158,150230,False,0.06274509803921569
fgsm,random_patch,72a10e64-2d93-4b61-8b90-8efef7284ced,0.5195,0.5034,0.0,0.01611,0.0006627882217928977,24.311357253429065,0.06274509803921591,150127,False,0.06274509803921569
fgsm,random_patch,04e6f392-a196-447f-9b75-f5af995a36d0,0.5186,0.507,0.0,0.01172,0.0004817631248037696,24.324713519648512,0.0627450980392158,150292,False,0.06274509803921569
fgsm,random_patch,5a8415b5-f658-4d37-8144-1aa22420f84f,0.518,0.5,0.0,0.01807,0.0007431930218644757,24.309170983931214,0.06274509803921591,150100,False,0.06274509803921569
fgsm,random_patch,2c376b9a-167a-43d3-bcc2-b4af32fb9f74,0.507,0.4875,1.0,0.01929,0.0007927910422073195,24.328112125702344,0.0627450980392158,150334,False,0.06274509803921569
fgsm,random_patch,e6295ee0-bb33-49e3-9376-8b78f5a3fc52,0.5166,0.499,1.0,0.01758,0.0007229526132626806,24.314352933092678,0.0627450980392158,150164,False,0.06274509803921569
fgsm,random_patch,780579a3-2dcc-4343-9c92-de8be54e2865,0.5146,0.4985,1.0,0.01611,0.0006628434143141841,24.309332936562843,0.0627450980392158,150102,False,0.06274509803921569
fgsm,random_patch,228b3dc1-f78a-4ac9-b213-2a416583d063,0.521,0.503,0.0,0.01807,0.0007431410384667582,24.310871432753913,0.0627450980392158,150121,False,0.06274509803921569
fgsm,random_patch,3a010152-9ce2-4780-bdd8-bac6fa101991,0.504,0.4873,1.0,0.0166,0.0006825568026840147,24.322609382680227,0.0627450980392158,150266,False,0.06274509803921569
fgsm,random_patch,9b6f8882-b59f-4a4d-8f48-b3f355fd70b9,0.516,0.503,0.0,0.01318,0.0005421747453431506,24.31613397306833,0.0627450980392158,150186,False,0.06274509803921569
fgsm,random_patch,d99282ee-dc00-40d4-bb8d-5f8dba263a05,0.515,0.5034,0.0,0.01172,0.00048200532363819467,24.312490797251723,0.06274509803921591,150141,False,0.06274509803921569
fgsm,random_patch,1748e4e2-5c73-4794-81fe-2c5fe4af8cdd,0.52,0.5005,0.0,0.01953,0.0008032646338161445,24.314838684205995,0.0627450980392158,150170,False,0.06274509803921569
fgsm,random_patch,095edab1-09c6-4f83-931e-f0a33b77639c,0.4946,0.4937,1.0,0.000977,4.014839634159533e-05,24.32382333006807,0.06274509803921591,150281,False,0.06274509803921569
fgsm,random_patch,fd147f16-7eeb-474f-98df-c3b0c39c163c,0.5195,0.504,0.0,0.01563,0.0006430014711435644,24.30009991389484,0.0627450980392158,149988,False,0.06274509803921569
fgsm,random_patch,f1ba6a94-27b8-4537-8a11-6c4dbc3fe428,0.5176,0.502,0.0,0.01563,0.0006430164762368061,24.299532859583458,0.0627450980392158,149981,False,0.06274509803921569
fgsm,random_patch,bc7b5348-574e-49a2-a20a-719d942a9c31,0.5166,0.4954,1.0,0.02124,0.0008733874566897633,24.31937189339655,0.0627450980392158,150226,False,0.06274509803921569
fgsm,random_patch,35ffa64a-fc84-4582-95ad-40d4eab93197,0.5137,0.494,1.0,0.01978,0.0008131267759871282,24.320181306121167,0.0627450980392158,150236,False,0.06274509803921569
fgsm,random_patch,0c89ca38-27ca-4cd0-88cb-18093fdcb04b,0.512,0.501,0.0,0.01123,0.0004618725509704462,24.315081556123644,0.0627450980392158,150173,False,0.06274509803921569
fgsm,random_patch,e5e4f0cf-58ec-4442-a54c-96d5d29d8f0b,0.516,0.5,0.0,0.01611,0.0006635090164956381,24.28494691521775,0.0627450980392158,149801,False,0.06274509803921569
fgsm,random_patch,ae9439c0-31a2-4b2a-946e-f9f497109c42,0.511,0.497,1.0,0.01416,0.0005822990054919076,24.31767203898101,0.0627450980392158,150205,False,0.06274509803921569
fgsm,random_patch,975aac17-f7e4-4b6c-a669-e73b0bb5caef,0.515,0.4956,1.0,0.01953,0.0008034117727059718,24.310385602370083,0.0627450980392158,150115,False,0.06274509803921569
fgsm,random_patch,bee78c8a-8a21-49b3-b1d5-93c93ccf300c,0.508,0.4922,1.0,0.01563,0.0006424427441987648,24.321233502391873,0.06274509803921591,150249,False,0.06274509803921569
fgsm,random_patch,be9e9eea-96d0-43a3-801e-b39bfd209ca7,0.5205,0.5015,0.0,0.01904,0.0007831412988289952,24.31613397306833,0.06274509803921591,150186,False,0.06274509803921569
fgsm,random_patch,32c41ed0-6704-465c-94d3-3073b9b4415e,0.5146,0.4907,1.0,0.02393,0.0009836684385517074,24.32301403854144,0.0627450980392158,150271,False,0.06274509803921569
fgsm,random_patch,0ca3f31a-ace5-4bd2-9900-b152cc212c8e,0.5156,0.497,1.0,0.01855,0.0007634548175467055,24.30358295725908,0.06274509803921591,150031,False,0.06274509803921569
fgsm,random_patch,32c3e235-1885-4aad-b4ad-2ef8583fbb78,0.508,0.503,0.0,0.004883,0.00020076001713477585,24.321638181144557,0.0627450980392158,150254,False,0.06274509803921569
fgsm,random_patch,49b95513-daab-49bb-bc6e-c5254ab1bc07,0.5195,0.506,0.0,0.01367,0.0005622309588251036,24.317186344465743,0.0627450980392158,150199,False,0.06274509803921569
fgsm,random_patch,e7f182ac-e84e-4e0a-89f9-be61ea3c66c2,0.5107,0.4954,1.0,0.01538,0.0006326678057962547,24.31111434430504,0.0627450980392158,150124,False,0.06274509803921569
fgsm,random_patch,f42223b1-1a5b-45c2-a1d2-25c6df776484,0.5234,0.5,0.0,0.02344,0.0009639111418011086,24.31500059908731,0.0627450980392158,150172,False,0.06274509803921569
fgsm,random_patch,3b75d0e1-a430-4d1e-a89e-672d25ca6953,0.5176,0.504,0.0,0.01367,0.0005623638909880786,24.311438222597733,0.0627450980392158,150128,False,0.06274509803921569
fgsm,random_patch,963b58ae-2175-4aa5-90be-c37d44809c91,0.5103,0.4922,1.0,0.01807,0.0007433069283892682,24.305445775564724,0.06274509803921591,150054,False,0.06274509803921569
fgsm,random_patch,4206173d-0db2-4f32-80fb-0bd99d5532e1,0.5244,0.5015,0.0,0.02295,0.0009437385405085712,24.317348243715372,0.0627450980392158,150201,False,0.06274509803921569
fgsm,random_patch,b97b78b8-bcb0-4694-aa55-d3ca9c4396df,0.5244,0.5,0.0,0.02441,0.0010048506004871527,24.29621127570161,0.06274509803921591,149940,False,0.06274509803921569
fgsm,random_patch,9a4b8ac5-0371-4bc0-a609-32ad46806f7c,0.5195,0.4893,1.0,0.03027,0.0012447949550369935,24.32001942573134,0.0627450980392158,150234,False,0.06274509803921569
fgsm,random_patch,3ef164d4-0e03-4695-bc05-bad84b526960,0.499,0.4827,1.0,0.01636,0.0006727363707407468,24.31475772636101,0.0627450980392158,150169,False,0.06274509803921569
fgsm,random_patch,bc6dd946-0b3f-445f-8d78-3cc39a0b14ae,0.523,0.5005,0.0,0.02246,0.0009239358484010687,24.310061710053528,0.06274509803921591,150111,False,0.06274509803921569
fgsm,random_patch,78228039-bc86-44ce-8a13-57cf49ccf493,0.506,0.4958,1.0,0.01001,0.00041153749354888586,24.32285217700482,0.0627450980392158,150269,False,0.06274509803921569
fgsm,random_patch,af31012f-209d-41cf-a2f4-4ef1105067c9,0.512,0.4946,1.0,0.01758,0.0007226110316589329,24.32584644109147,0.0627450980392158,150306,False,0.06274509803921569
fgsm,random_patch,c60a0502-26cb-40a1-8343-43625a3c4e3f,0.5176,0.503,0.0,0.01465,0.0006024745536024554,24.313786211195016,0.0627450980392158,150157,False,0.06274509803921569
fgsm,random_patch,be8c0087-ae1c-4b60-acb0-4b2e6157eadb,0.5083,0.4993,1.0,0.00903,0.00037164231910447184,24.30617466560439,0.0627450980392158,150063,False,0.06274509803921569
fgsm,random_patch,42da1a6f-7984-4d82-b10a-603b8e3724c5,0.515,0.4993,1.0,0.01587,0.0006525525778370743,24.318562453731644,0.0627450980392158,150216,False,0.06274509803921569
fgsm,random_patch,32e8b837-8656-47e1-87ec-b365c7670984,0.5103,0.4944,1.0,0.01587,0.0006527851111544757,24.30989976227699,0.0627450980392158,150109,False,0.06274509803921569
fgsm,random_patch,fb10f71b-fd9d-43cc-a310-c5b48b7d22c8,0.5137,0.508,0.0,0.00586,0.0002409721692717358,24.315567292681287,0.0627450980392158,150179,False,0.06274509803921569
fgsm,random_patch,9bc684ec-12a8-4c76-85a3-29a75d550968,0.5146,0.499,1.0,0.01563,0.0006423059605767435,24.32641288202719,0.0627450980392158,150313,False,0.06274509803921569
fgsm,random_patch,39919c47-0f93-417f-96fb-1aa8a6d6e7ab,0.5215,0.508,0.0,0.01367,0.0005626094078712262,24.300828964280697,0.0627450980392158,149997,False,0.06274509803921569
fgsm,random_patch,9e6239f2-9352-4bad-a19a-22538ddd0e27,0.514,0.505,0.0,0.00928,0.0003814237248865989,24.322933107907772,0.06274509803921591,150270,False,0.06274509803921569
fgsm,random_patch,9efa04ab-254a-4047-8f2f-91e5fe93062f,0.5225,0.504,0.0,0.01855,0.0007633937611063329,24.30552676442634,0.0627450980392158,150055,False,0.06274509803921569
fgsm,random_patch,342bd0cf-b337-40e9-8512-eb170292e2f2,0.5195,0.502,0.0,0.01758,0.0007230176167030153,24.31216693298106,0.0627450980392158,150137,False,0.06274509803921569
fgsm,random_patch,67bc7433-4582-493a-af6b-82d0383d9c32,0.513,0.4934,1.0,0.01978,0.0008135384254382962,24.307875324033485,0.0627450980392158,150084,False,0.06274509803921569
fgsm,random_patch,49f0fa25-89cd-41a7-9c70-4d7d8d9be572,0.522,0.4946,1.0,0.02734,0.0011247614965569908,24.31070949037141,0.06274509803921591,150119,False,0.06274509803921569
fgsm,random_patch,c1273696-fdec-48a9-988c-74e57b6323fa,0.5024,0.4844,1.0,0.01807,0.0007429851536977764,24.31597206573391,0.0627450980392158,150184,False,0.06274509803921569
fgsm,random_patch,2fba3da2-e622-477e-a8fe-8fcc06550b25,0.514,0.504,0.0,0.010254,0.0004218192813489141,24.308766097631597,0.0627450980392158,150095,False,0.06274509803921569
fgsm,random_patch,bf99f510-56e1-421b-ad0f-ad10f4cdd3a3,0.5205,0.4983,1.0,0.02222,0.0009138261055328007,24.311843064396122,0.0627450980392158,150133,False,0.06274509803921569
fgsm,random_patch,3e3babaa-b242-4dac-a549-9c87dec28ead,0.511,0.4973,1.0,0.013916,0.0005724919103276989,24.307794342996814,0.06274509803921591,150083,False,0.06274509803921569
fgsm,random_patch,b829950f-6e68-4f84-9d7c-65a0aa3d0cab,0.515,0.4917,1.0,0.02344,0.0009633852379488252,24.32827395224333,0.06274509803921591,150336,False,0.06274509803921569
fgsm,random_patch,01a7353d-25bb-4ff8-916b-f50dd541dccf,0.5146,0.501,0.0,0.01367,0.000562365763945489,24.311357253429065,0.0627450980392158,150127,False,0.06274509803921569
fgsm,random_patch,453a9434-2ca7-4a28-b6f3-833b994e6e73,0.5186,0.503,0.0,0.01563,0.0006426288246498603,24.31419101389838,0.0627450980392158,150162,False,0.06274509803921569
fgsm,random_patch,df6fce59-efa3-41a1-bdf7-1ff27cad394f,0.517,0.507,0.0,0.010254,0.0004216928725046344,24.31605301953587,0.0627450980392158,150185,False,0.06274509803921569
fgsm,random_patch,fdfce1ff-203e-4b23-a360-3803558a7f7a,0.5205,0.5054,0.0,0.01514,0.0006224782788970002,24.316862542732753,0.06274509803921591,150195,False,0.06274509803921569
fgsm,random_patch,3b1a0e72-4870-4927-8171-293f1a767bde,0.516,0.5073,0.0,0.00879,0.0003614763066313403,24.314352933092678,0.0627450980392158,150164,False,0.06274509803921569
fgsm,random_patch,13932109-fbd1-4b6b-b81c-91682740cc50,0.518,0.5103,0.0,0.007812,0.00032123847688034555,24.31993848513235,0.0627450980392158,150233,False,0.06274509803921569
fgsm,random_patch,3817e718-4a42-4d67-a34a-ab1a4b9d52b3,0.503,0.492,1.0,0.01099,0.00045174461508294857,24.319776603126222,0.06274509803921591,150231,False,0.06274509803921569
fgsm,random_patch,bf3ef845-34ab-4b80-81e7-ac7a3b23485a,0.509,0.4854,1.0,0.02344,0.0009641037609471038,24.31014268353723,0.0627450980392158,150112,False,0.06274509803921569
fgsm,random_patch,b7b51f82-2aa9-4375-a84f-25c52eeb0b40,0.516,0.5015,0.0,0.01465,0.0006026993680338464,24.3047168636659,0.0627450980392158,150045,False,0.06274509803921569
fgsm,random_patch,dd033b96-06ce-4587-b781-e0e2dd4026ac,0.523,0.505,0.0,0.01807,0.0007428021761779338,24.321961919298793,0.0627450980392158,150258,False,0.06274509803921569
fgsm,random_patch,8917b2df-a22a-4da0-935c-397926ad5a1a,0.513,0.4976,1.0,0.01563,0.0006426117070529156,24.314838684205995,0.0627450980392158,150170,False,0.06274509803921569
fgsm,random_patch,a81ed846-615a-4432-8e34-67b1169ebea5,0.5283,0.511,0.0,0.01709,0.0007037780634588901,24.283001460673532,0.0627450980392158,149777,False,0.06274509803921569
fgsm,random_patch,3f25e62e-b79f-4cdd-8607-adc010808d4c,0.5103,0.5015,0.0,0.00879,0.00036149917729822465,24.31281465720827,0.0627450980392158,150145,False,0.06274509803921569
fgsm,random_patch,b435cc3a-cc81-4361-ac91-235b4150265e,0.514,0.4993,1.0,0.01489,0.0006124423843185849,24.316700640249355,0.0627450980392158,150193,False,0.06274509803921569
fgsm,random_patch,38b147a7-352b-4adb-88b5-2449d362acae,0.52,0.5005,0.0,0.01953,0.0008034037448633447,24.310628518775623,0.0627450980392158,150118,False,0.06274509803921569
fgsm,random_patch,b6271674-f13d-4087-ae03-d6ae35381dfc,0.5176,0.5,0.0,0.01758,0.0007229911317033794,24.31305754934466,0.0627450980392158,150148,False,0.06274509803921569
fgsm,random_patch,059f1e59-573c-49d1-ac78-3323a2ff047f,0.506,0.4858,1.0,0.02002,0.0008237083506343036,24.304149917075268,0.0627450980392158,150038,False,0.06274509803921569
fgsm,random_patch,d20338e0-8ae9-4a30-9a0e-8225aae32073,0.516,0.4978,1.0,0.01831,0.0007534570700195322,24.302043999654494,0.0627450980392158,150012,False,0.06274509803921569
fgsm,random_patch,94399962-8f89-4dfa-a93f-7a3df88feca5,0.522,0.498,1.0,0.02393,0.0009837502733029213,24.320990691908197,0.0627450980392158,150246,False,0.06274509803921569
fgsm,random_patch,d759f178-2451-47bc-80c0-2efe67588693,0.5176,0.5054,0.0,0.01221,0.0005019384612032761,24.319776603126225,0.0627450980392158,150231,False,0.06274509803921569
fgsm,random_patch,baf8fe18-a7ca-4e9c-b3dc-5c80d474545b,0.5195,0.504,0.0,0.01563,0.0006426566436626321,24.31313851285089,0.0627450980392158,150149,False,0.06274509803921569
fgsm,random_patch,9708b405-8887-4824-b354-f7c245eedfc3,0.522,0.498,1.0,0.02393,0.0009844188090735236,24.30447388817503,0.06274509803921591,150042,False,0.06274509803921569
fgsm,random_patch,f7856767-112d-4ff6-8b20-1188c0c47a1a,0.5205,0.504,0.0,0.0166,0.0006828863596721562,24.310871432753913,0.06274509803921591,150121,False,0.06274509803921569
fgsm,random_patch,b23184fc-0e6e-4802-a451-da82e2ac6e9a,0.5195,0.5,0.0,0.01953,0.0008036714693712636,24.302529996794796,0.0627450980392158,150018,False,0.06274509803921569
fgsm,random_patch,1923df31-e23a-4ee4-86f8-35d124af2f61,0.521,0.499,1.0,0.02197,0.0009036065260033639,24.316619688603417,0.0627450980392158,150192,False,0.06274509803921569
fgsm,random_patch,b6d61fae-fa1f-4328-b065-033ee168cd98,0.5073,0.4958,1.0,0.011475,0.0004717907502222487,24.321395374700952,0.0627450980392158,150251,False,0.06274509803921569
fgsm,random_patch,b5017804-ddc0-44fa-8d64-15628c25e031,0.512,0.4895,1.0,0.0227,0.0009338231202101013,24.31411005389687,0.0627450980392158,150161,False,0.06274509803921569
fgsm,random_patch,37f025d9-05c0-4e27-9a75-2e6a2085fa30,0.4976,0.4827,1.0,0.01489,0.0006123486186970036,24.3204241246856,0.06274509803921591,150239,False,0.06274509803921569
fgsm,random_patch,2456fcb4-82bd-4fa9-8ef2-8e1250c3ff50,0.517,0.4973,1.0,0.01978,0.0008132133870997381,24.317591090568797,0.0627450980392158,150204,False,0.06274509803921569
fgsm,random_patch,b090dd7d-b4d9-4ebe-b36d-95f83510e955,0.5166,0.5005,0.0,0.01611,0.0006625940537399745,24.31848150828333,0.0627450980392158,150215,False,0.06274509803921569
fgsm,random_patch,67b8ef8a-5285-4eec-88c8-8f4fe53f0f6e,0.52,0.503,0.0,0.01709,0.0007027044907603294,24.32010036606094,0.0627450980392158,150235,False,0.06274509803921569
fgsm,random_patch,0808c4af-9ed6-46e3-a936-2cafb0004e6a,0.5234,0.5024,0.0,0.021,0.0008637942577065919,24.306822549512564,0.0627450980392158,150071,False,0.06274509803921569
fgsm,random_patch,01f3abc2-33c7-4ea2-a599-dc49b76fcfae,0.525,0.5005,0.0,0.02441,0.0010040239635948657,24.31621492633127,0.06274509803921591,150187,False,0.06274509803921569
fgsm,random_patch,eb3d5fed-558d-4aba-b13e-f7917c49c79b,0.5234,0.506,0.0,0.01758,0.0007228274708349133,24.31856245373164,0.0627450980392158,150216,False,0.06274509803921569
fgsm,random_patch,2278d9f3-e7bf-4e36-a194-aaf5bdb20762,0.5127,0.504,0.0,0.00879,0.0003615136241668222,24.311843064396122,0.06274509803921591,150133,False,0.06274509803921569
fgsm,random_patch,ae06ef31-ae55-4e3c-9460-ae5c3733bedb,0.5166,0.5,0.0,0.0166,0.0006829022814009434,24.310304629695505,0.0627450980392158,150114,False,0.06274509803921569
fgsm,random_patch,6365ff26-72cf-4428-8610-66aab9c787c9,0.518,0.503,0.0,0.01514,0.0006226710861739305,24.309332936562843,0.06274509803921591,150102,False,0.06274509803921569
fgsm,random_patch,261341d3-1df2-4cf4-b9a8-b1e02a124900,0.5137,0.503,0.0,0.01074,0.0004417190772533216,24.31904812076357,0.0627450980392158,150222,False,0.06274509803921569
fgsm,random_patch,1d1c3fb7-71d6-4104-8a93-320e4959bbdb,0.523,0.507,0.0,0.01611,0.0006628102971469225,24.310547546910136,0.0627450980392158,150117,False,0.06274509803921569
fgsm,random_patch,3fa13d7f-8b18-443d-8dfe-2b098bfec24a,0.524,0.505,0.0,0.01904,0.0007832325681123446,24.313300439054526,0.0627450980392158,150151,False,0.06274509803921569
fgsm,random_patch,755c7169-e84a-4327-a4d6-b0ff906a88f8,0.5234,0.5054,0.0,0.01807,0.0007428812850004883,24.31937189339655,0.0627450980392158,150226,False,0.06274509803921569
fgsm,random_patch,5b684669-0ee0-44ff-851b-e2f6146c7e30,0.511,0.4946,1.0,0.0166,0.0006828363272021644,24.312652727769247,0.0627450980392158,150143,False,0.06274509803921569
fgsm,random_patch,6f0d2ff9-c0dc-48c3-a944-1f18dc185e1f,0.5137,0.4915,1.0,0.02222,0.0009135401612772146,24.31945283588128,0.0627450980392158,150227,False,0.06274509803921569
fgsm,random_patch,f655a822-225d-4fe0-a69f-0886f91c5f2b,0.524,0.503,0.0,0.021,0.0008643819591463305,24.29029611179306,0.06274509803921591,149867,False,0.06274509803921569
fgsm,random_patch,3bf6bb05-9ec6-4c32-a8c4-fdd7704c188c,0.522,0.507,0.0,0.01514,0.0006223829780373643,24.320586002381717,0.0627450980392158,150241,False,0.06274509803921569
fgsm,random_patch,ec4cf99b-0d23-4aa5-abac-3f8ae0257eb9,0.5195,0.4949,1.0,0.02466,0.0010139831888141626,24.318157723795743,0.0627450980392158,150211,False,0.06274509803921569
fgsm,random_patch,fd45f813-2237-4639-b340-2e1b97737da6,0.523,0.504,0.0,0.01904,0.0007834987349968612,24.30504082720861,0.06274509803921591,150049,False,0.06274509803921569
fgsm,random_patch,04e9f692-f3d6-496b-ae0c-905137cc1f84,0.5225,0.506,0.0,0.0166,0.0006830137646937071,24.30633663820043,0.0627450980392158,150065,False,0.06274509803921569
fgsm,random_patch,3f350a20-291b-4a3c-8e7b-72b885f19ec9,0.5254,0.5034,0.0,0.02197,0.0009037780405877689,24.312004999227884,0.0627450980392158,150135,False,0.06274509803921569
fgsm,random_patch,17477206-a644-49de-83a8-b32d5ba9ba5b,0.5176,0.5015,0.0,0.01611,0.0006625940537399745,24.31848150828333,0.0627450980392158,150215,False,0.06274509803921569
fgsm,random_patch,a7cc220e-bef4-4d27-a921-7773ebef1282,0.5156,0.5005,0.0,0.01514,0.0006228017993930887,24.304230910255068,0.0627450980392158,150039,False,0.06274509803921569
fgsm,random_patch,a4a95682-8ee5-42a1-a957-a4e8a924da2f,0.519,0.5054,0.0,0.01367,0.0005623002215686278,24.31419101389838,0.0627450980392158,150162,False,0.06274509803921569
fgsm,random_patch,e6dc5d04-2f76-425f-99d7-cae3aa095122,0.516,0.4963,1.0,0.01978,0.0008135357151748447,24.307956304800367,0.0627450980392158,150085,False,0.06274509803921569
fgsm,random_patch,abc07cd4-2d0f-4ad8-a516-b45d035dadb1,0.5146,0.502,0.0,0.012695,0.000522007312979391,24.320181306121167,0.0627450980392158,150236,False,0.06274509803921569
fgsm,random_patch,b489923b-d8be-4e8d-8620-bea0343a2f67,0.5137,0.499,1.0,0.01465,0.0006026029881795054,24.308604141223483,0.0627450980392158,150093,False,0.06274509803921569
fgsm,random_patch,c7024796-39ed-4eda-906d-65a1fb5d5c52,0.518,0.4988,1.0,0.01929,0.0007932106207922578,24.315243469387678,0.0627450980392158,150175,False,0.06274509803921569
fgsm,random_patch,fc0912c2-0cfc-420e-8c77-0fae34451d7e,0.516,0.506,0.0,0.010254,0.00042171252863871785,24.31491964178143,0.0627450980392158,150171,False,0.06274509803921569
fgsm,random_patch,b3db4730-7c2d-4b91-b09b-2346fef7dc58,0.516,0.494,1.0,0.02222,0.0009134550382653915,24.321719116087102,0.0627450980392158,150255,False,0.06274509803921569
fgsm,random_patch,43605721-d0e0-4d58-b212-b05a295b21be,0.5176,0.4983,1.0,0.01929,0.0007933215641438599,24.311843064396122,0.06274509803921591,150133,False,0.06274509803921569
fgsm,random_patch,bd7e6f9f-2933-496e-b180-4799292c6afc,0.4968,0.485,1.0,0.01172,0.0004818144212209412,24.32212378676,0.06274509803921591,150260,False,0.06274509803921569
fgsm,random_patch,0927e819-9640-487d-a04e-f5d4732dbe0a,0.517,0.4993,1.0,0.01782,0.0007327057954523052,24.323904257739784,0.0627450980392158,150282,False,0.06274509803921569
fgsm,random_patch,0a6a5956-58cf-4f17-9e39-7e0d17310f67,0.5156,0.5005,0.0,0.01514,0.0006224741344710073,24.31702444413821,0.06274509803921591,150197,False,0.06274509803921569
fgsm,random_patch,7e2b8ceb-9db2-4159-9e63-96d734dd1218,0.521,0.4966,1.0,0.02441,0.0010047902907550771,24.297669587955,0.0627450980392158,149958,False,0.06274509803921569
fgsm,random_patch,6d2371e4-f8cd-4f6f-bf9e-1e8773b3960a,0.5215,0.5005,0.0,0.021,0.000863411744328117,24.317591090568797,0.0627450980392158,150204,False,0.06274509803921569
fgsm,random_patch,70764772-7dbc-4ab1-a5ed-08108fa547d8,0.52,0.5024,0.0,0.01758,0.0007231115415242148,24.30900903022061,0.0627450980392158,150098,False,0.06274509803921569
fgsm,random_patch,59a7bb86-70cd-4b0f-9f17-330e2a76f4aa,0.514,0.4993,1.0,0.01489,0.0006125035590218984,24.314271973630316,0.0627450980392158,150163,False,0.06274509803921569
fgsm,random_patch,6821b958-8b00-40f0-8ec2-8912d21acfaa,0.5146,0.4966,1.0,0.01807,0.000742910957325924,24.31840056256559,0.0627450980392158,150214,False,0.06274509803921569
fgsm,random_patch,1f45c8c0-4475-45e9-85e5-0cf139d0572b,0.517,0.4966,1.0,0.02051,0.0008435008893215088,24.31273369262357,0.0627450980392158,150144,False,0.06274509803921569
fgsm,random_patch,c3c1ef6e-055c-4f54-a7f5-d0f6eed1d2da,0.521,0.5024,0.0,0.01855,0.0007631039429298023,24.31475772636101,0.06274509803921591,150169,False,0.06274509803921569
fgsm,random_patch,3185ee2b-a09e-40fd-8f57-4d2802c0248d,0.518,0.4998,1.0,0.01831,0.0007530706238442202,24.3145148512087,0.06274509803921591,150166,False,0.06274509803921569
fgsm,random_patch,c8f8c1af-28f3-420d-85d6-9501a8002097,0.514,0.4968,1.0,0.01733,0.0007129424658458521,24.31330043905453,0.0627450980392158,150151,False,0.06274509803921569
fgsm,random_patch,6735932c-c8ca-45d5-be56-1ff682a3182e,0.5195,0.5015,0.0,0.01807,0.0007428071197389503,24.32180005076032,0.0627450980392158,150256,False,0.06274509803921569
fgsm,random_patch,d4a31817-cd95-46ad-b41d-9350faa087c8,0.517,0.507,0.0,0.010254,0.00042167602657713395,24.31702444413821,0.0627450980392158,150197,False,0.06274509803921569
fgsm,random_patch,8502b7bb-f681-47a1-aa45-06f6b692841a,0.5176,0.5015,0.0,0.01611,0.0006627882217928976,24.31135725342907,0.06274509803921591,150127,False,0.06274509803921569
fgsm,full,0c5dc7d1-7022-4e46-bc02-ff9999912edd,0.518,0.502,0.0,0.01611,0.0006626867035662924,24.315081556123644,0.0627450980392158,150173,False,0.06274509803921569
fgsm,full,bf842c92-c6ed-4be4-b188-c05ec8bf8dc2,0.5225,0.504,0.0,0.01855,0.0007632996611206363,24.308523162614787,0.06274509803921591,150092,False,0.06274509803921569
fgsm,full,f92ddac9-aba6-4607-ba72-6ab7e8776fef,0.52,0.507,0.0,0.01318,0.0005420376165541613,24.322285653143958,0.0627450980392158,150262,False,0.06274509803921569
fgsm,full,7f9623a6-510f-4e84-8e58-12b65a5e9dfc,0.521,0.5054,0.0,0.01563,0.000642323053751657,24.325765519881067,0.0627450980392158,150305,False,0.06274509803921569
fgsm,full,051e6e97-fda7-4b5c-8d5f-084bf3607d22,0.5,0.485,1.0,0.01489,0.0006123853044632082,24.318967176931796,0.0627450980392158,150221,False,0.06274509803921569
fgsm,full,5acc56a4-1b6e-4394-9364-9772047d583f,0.5107,0.4858,1.0,0.0249,0.0010236274559688578,24.327545724331703,0.0627450980392158,150327,False,0.06274509803921569
fgsm,full,ad4d16e5-a851-4327-b9fe-5977da445669,0.512,0.4973,1.0,0.01489,0.0006126484122152475,24.308523162614787,0.0627450980392158,150092,False,0.06274509803921569
fgsm,full,c1f94928-371a-42d0-91ae-f959928694fe,0.5127,0.501,0.0,0.01172,0.0004818881885357345,24.31840056256559,0.0627450980392158,150214,False,0.06274509803921569
fgsm,full,96f34fa9-0e56-4fdb-bfd7-781d8c453bcb,0.515,0.4907,1.0,0.02441,0.0010039938817317034,24.316943493570225,0.06274509803921591,150196,False,0.06274509803921569
fgsm,full,b9201f87-a5ef-49f1-b45f-4c54272bc5d6,0.519,0.501,0.0,0.01807,0.000743242540005688,24.30755139826807,0.06274509803921591,150080,False,0.06274509803921569
fgsm,full,33a39200-fa81-4530-ae1e-274ca204f3ea,0.5103,0.4966,1.0,0.01367,0.0005622478041637562,24.31645778450306,0.06274509803921591,150190,False,0.06274509803921569
fgsm,full,427412d0-cf4c-4a13-b58e-6ffdd004c6ec,0.5156,0.5024,0.0,0.01318,0.0005421494769566177,24.31726729422529,0.0627450980392158,150200,False,0.06274509803921569
fgsm,full,72848196-fd24-4106-9c33-9c29b7a66a04,0.5195,0.5005,0.0,0.01904,0.0007832690847615999,24.31216693298106,0.0627450980392158,150137,False,0.06274509803921569
fgsm,full,abcb43a2-7b1d-428a-b909-e54c92acbd5b,0.516,0.501,0.0,0.01514,0.000622486567997334,24.31653873668799,0.0627450980392158,150191,False,0.06274509803921569
fgsm,full,9954f203-ec80-45ce-85a6-fb155368370f,0.5083,0.4893,1.0,0.01904,0.000782758315960942,24.328031212028183,0.0627450980392158,150333,False,0.06274509803921569
fgsm,full,077ff78d-27ef-49d4-9e8e-00e458844a3e,0.5166,0.4958,1.0,0.02075,0.0008533891176543468,24.317105394436716,0.0627450980392158,150198,False,0.06274509803921569
fgsm,full,bf7b0977-4f77-45a7-8c03-77602f82b905,0.517,0.4966,1.0,0.02051,0.0008435289804548842,24.31192403194683,0.0627450980392158,150134,False,0.06274509803921569
fgsm,full,c34a3ea0-04d7-4df6-afab-0d7c7280b749,0.5103,0.4944,1.0,0.01587,0.0006523159534255526,24.32738389294652,0.0627450980392158,150325,False,0.06274509803921569
fgsm,full,e2bc24a7-e469-48e2-9d5a-6ffc8557d59e,0.5186,0.4949,1.0,0.02368,0.0009739875554879552,24.31411005389687,0.06274509803921591,150161,False,0.06274509803921569
fgsm,full,175c8be2-76a4-469b-9595-ed33ecedb3cb,0.5225,0.504,0.0,0.01855,0.0007635489749344453,24.30058594991569,0.0627450980392158,149994,False,0.06274509803921569
fgsm,full,bcaf0768-3841-4280-8de4-57e822f38c7a,0.5205,0.4998,1.0,0.02075,0.0008537586720210862,24.306579595070726,0.0627450980392158,150068,False,0.06274509803921569
fgsm,full,6e73017c-4e3a-499b-a597-4a797bb179de,0.5244,0.5044,0.0,0.02002,0.0008236507117036624,24.305850717174188,0.0627450980392158,150059,False,0.06274509803921569
fgsm,full,dc995045-8ec6-4cef-ba20-350c66732a9b,0.521,0.504,0.0,0.01709,0.000703224254795466,24.30212499985281,0.0627450980392158,150013,False,0.06274509803921569
fgsm,full,83f0d9e7-520b-41ee-a7c0-f93713784281,0.5176,0.5005,0.0,0.01709,0.0007029291121144853,24.312328865655665,0.0627450980392158,150139,False,0.06274509803921569
fgsm,full,bfbea630-4c43-485f-b1b2-0e5715109ae3,0.4983,0.4878,1.0,0.0105,0.0004315062586384727,24.328840336660047,0.0627450980392158,150343,False,0.06274509803921569
fgsm,full,4a567c8b-ab4e-4c3a-a053-9a23b087545a,0.524,0.5015,0.0,0.02246,0.0009239635472258323,24.309332936562843,0.0627450980392158,150102,False,0.06274509803921569
fgsm,full,b900d3e4-787b-44b3-9754-88f93db99c27,0.523,0.502,0.0,0.021,0.0008635152316227583,24.314676768246464,0.0627450980392158,150168,False,0.06274509803921569
fgsm,full,0983ae59-b906-4fd5-a810-edfe0580fe3b,0.5156,0.4946,1.0,0.021,0.0008640159453205567,24.300585949915686,0.06274509803921591,149994,False,0.06274509803921569
fgsm,full,e15ecf55-b05a-4f6f-bb25-d51d4a438963,0.505,0.4863,1.0,0.01855,0.0007630048703577601,24.317914882600906,0.06274509803921591,150208,False,0.06274509803921569
fgsm,full,747b1c03-c554-41ea-9d57-7b54894985f3,0.5103,0.5024,0.0,0.007812,0.0003211796906399581,24.324389818115876,0.0627450980392158,150288,False,0.06274509803921569
fgsm,full,87e4af8b-1110-481d-86de-f315ca03936d,0.5186,0.4998,1.0,0.0188,0.0007732348987503106,24.31192403194683,0.06274509803921591,150134,False,0.06274509803921569
fgsm,full,878ae8b8-f206-4d82-8099-3a56f89bb9c4,0.5117,0.496,1.0,0.01563,0.0006424833686619698,24.319695661719077,0.0627450980392158,150230,False,0.06274509803921569
fgsm,full,34873b9f-5305-404e-b7f7-5105feede48a,0.5156,0.5044,0.0,0.01123,0.0004618833159577884,24.3145148512087,0.0627450980392158,150166,False,0.06274509803921569
fgsm,full,72a10e64-2d93-4b61-8b90-8efef7284ced,0.5195,0.5034,0.0,0.01611,0.0006627882217928977,24.311357253429065,0.06274509803921591,150127,False,0.06274509803921569
fgsm,full,04e6f392-a196-447f-9b75-f5af995a36d0,0.5186,0.507,0.0,0.01172,0.0004817631248037696,24.324713519648512,0.0627450980392158,150292,False,0.06274509803921569
fgsm,full,5a8415b5-f658-4d37-8144-1aa22420f84f,0.518,0.5,0.0,0.01807,0.0007431930218644757,24.309170983931214,0.06274509803921591,150100,False,0.06274509803921569
fgsm,full,3874e3f6-0c79-4fc1-a874-1d761e475e53,0.5166,0.5015,0.0,0.01514,0.0006235711451646514,24.274244985738555,0.06274509803921591,149669,False,0.06274509803921569
fgsm,full,2c376b9a-167a-43d3-bcc2-b4af32fb9f74,0.507,0.4875,1.0,0.01929,0.0007927910422073195,24.328112125702344,0.0627450980392158,150334,False,0.06274509803921569
fgsm,full,cf951660-886d-482d-99bf-2bdaedd5f4fd,0.5176,0.501,0.0,0.0166,0.0006826294914718997,24.32001942573134,0.0627450980392158,150234,False,0.06274509803921569
fgsm,full,acb5c720-f741-415c-993c-65855be08ffa,0.5234,0.501,0.0,0.02246,0.0009239850924785735,24.3087660976316,0.0627450980392158,150095,False,0.06274509803921569
fgsm,full,112bf6f9-0ac8-4ca0-a84b-ea29811fd871,0.517,0.4902,1.0,0.02686,0.0011050998367264622,24.301395988348474,0.06274509803921591,150004,False,0.06274509803921569
fgsm,full,e6295ee0-bb33-49e3-9376-8b78f5a3fc52,0.5166,0.499,1.0,0.01758,0.0007229526132626806,24.314352933092678,0.0627450980392158,150164,False,0.06274509803921569
fgsm,full,780579a3-2dcc-4343-9c92-de8be54e2865,0.5146,0.4985,1.0,0.01611,0.0006628434143141841,24.309332936562843,0.0627450980392158,150102,False,0.06274509803921569
fgsm,full,228b3dc1-f78a-4ac9-b213-2a416583d063,0.521,0.503,0.0,0.01807,0.0007431410384667582,24.310871432753913,0.0627450980392158,150121,False,0.06274509803921569
fgsm,full,3a010152-9ce2-4780-bdd8-bac6fa101991,0.504,0.4873,1.0,0.0166,0.0006825568026840147,24.322609382680227,0.0627450980392158,150266,False,0.06274509803921569
fgsm,full,9b6f8882-b59f-4a4d-8f48-b3f355fd70b9,0.516,0.503,0.0,0.01318,0.0005421747453431506,24.31613397306833,0.0627450980392158,150186,False,0.06274509803921569
fgsm,full,d99282ee-dc00-40d4-bb8d-5f8dba263a05,0.515,0.5034,0.0,0.01172,0.00048200532363819467,24.312490797251723,0.06274509803921591,150141,False,0.06274509803921569
fgsm,full,1748e4e2-5c73-4794-81fe-2c5fe4af8cdd,0.52,0.5005,0.0,0.01953,0.0008032646338161445,24.314838684205995,0.0627450980392158,150170,False,0.06274509803921569
fgsm,full,095edab1-09c6-4f83-931e-f0a33b77639c,0.4946,0.4937,1.0,0.000977,4.014839634159533e-05,24.32382333006807,0.06274509803921591,150281,False,0.06274509803921569
fgsm,full,fd147f16-7eeb-474f-98df-c3b0c39c163c,0.5195,0.504,0.0,0.01563,0.0006430014711435644,24.30009991389484,0.0627450980392158,149988,False,0.06274509803921569
fgsm,full,f1ba6a94-27b8-4537-8a11-6c4dbc3fe428,0.5176,0.502,0.0,0.01563,0.0006430164762368061,24.299532859583458,0.0627450980392158,149981,False,0.06274509803921569
fgsm,full,42765f9e-beea-4f46-8af4-f1282095662d,0.5176,0.4998,1.0,0.01782,0.0007329008949205954,24.31742919293598,0.0627450980392158,150202,False,0.06274509803921569
fgsm,full,624a95b9-354b-415e-8bcc-382c6510469d,0.513,0.5024,0.0,0.01074,0.00044205466969888944,24.30058594991569,0.0627450980392158,149994,False,0.06274509803921569
fgsm,full,38929efc-a8ad-42b5-9fff-8ba881a7873e,0.5254,0.504,0.0,0.02148,0.0008833881712350217,24.3204241246856,0.0627450980392158,150239,False,0.06274509803921569
fgsm,full,bc7b5348-574e-49a2-a20a-719d942a9c31,0.5166,0.4954,1.0,0.02124,0.0008733874566897633,24.31937189339655,0.0627450980392158,150226,False,0.06274509803921569
fgsm,full,35ffa64a-fc84-4582-95ad-40d4eab93197,0.5137,0.494,1.0,0.01978,0.0008131267759871282,24.320181306121167,0.0627450980392158,150236,False,0.06274509803921569
fgsm,full,0c89ca38-27ca-4cd0-88cb-18093fdcb04b,0.512,0.501,0.0,0.01123,0.0004618725509704462,24.315081556123644,0.0627450980392158,150173,False,0.06274509803921569
fgsm,full,e5e4f0cf-58ec-4442-a54c-96d5d29d8f0b,0.516,0.5,0.0,0.01611,0.0006635090164956381,24.28494691521775,0.0627450980392158,149801,False,0.06274509803921569
fgsm,full,ae9439c0-31a2-4b2a-946e-f9f497109c42,0.511,0.497,1.0,0.01416,0.0005822990054919076,24.31767203898101,0.0627450980392158,150205,False,0.06274509803921569
fgsm,full,17f68ac3-2385-4b13-b8c0-66ba8b343205,0.5186,0.5034,0.0,0.01514,0.0006226648637876295,24.309575863487275,0.0627450980392158,150105,False,0.06274509803921569
fgsm,full,975aac17-f7e4-4b6c-a669-e73b0bb5caef,0.515,0.4956,1.0,0.01953,0.0008034117727059718,24.310385602370083,0.0627450980392158,150115,False,0.06274509803921569
fgsm,full,3d384875-3304-44de-8b8b-40a131a722ce,0.5117,0.4941,1.0,0.01758,0.0007224644444946112,24.330782125993565,0.0627450980392158,150367,False,0.06274509803921569
fgsm,full,bee78c8a-8a21-49b3-b1d5-93c93ccf300c,0.508,0.4922,1.0,0.01563,0.0006424427441987648,24.321233502391873,0.06274509803921591,150249,False,0.06274509803921569
fgsm,full,be9e9eea-96d0-43a3-801e-b39bfd209ca7,0.5205,0.5015,0.0,0.01904,0.0007831412988289952,24.31613397306833,0.06274509803921591,150186,False,0.06274509803921569
fgsm,full,b34524bc-e812-4067-a0e8-bd7185bfb814,0.5176,0.502,0.0,0.01563,0.000642361518385296,24.324308892059634,0.0627450980392158,150287,False,0.06274509803921569
fgsm,full,32c41ed0-6704-465c-94d3-3073b9b4415e,0.5146,0.4907,1.0,0.02393,0.0009836684385517074,24.32301403854144,0.0627450980392158,150271,False,0.06274509803921569
fgsm,full,0ca3f31a-ace5-4bd2-9900-b152cc212c8e,0.5156,0.497,1.0,0.01855,0.0007634548175467055,24.30358295725908,0.06274509803921591,150031,False,0.06274509803921569
fgsm,full,072e7048-52f1-4b2b-be08-42e0ca1ba1ee,0.514,0.5005,0.0,0.01367,0.0005627576231938339,24.29442877518043,0.0627450980392158,149918,False,0.06274509803921569
fgsm,full,32c3e235-1885-4aad-b4ad-2ef8583fbb78,0.508,0.503,0.0,0.004883,0.00020076001713477585,24.321638181144557,0.0627450980392158,150254,False,0.06274509803921569
fgsm,full,49b95513-daab-49bb-bc6e-c5254ab1bc07,0.5195,0.506,0.0,0.01367,0.0005622309588251036,24.317186344465743,0.0627450980392158,150199,False,0.06274509803921569
fgsm,full,e7f182ac-e84e-4e0a-89f9-be61ea3c66c2,0.5107,0.4954,1.0,0.01538,0.0006326678057962547,24.31111434430504,0.0627450980392158,150124,False,0.06274509803921569
fgsm,full,f42223b1-1a5b-45c2-a1d2-25c6df776484,0.5234,0.5,0.0,0.02344,0.0009639111418011086,24.31500059908731,0.0627450980392158,150172,False,0.06274509803921569
fgsm,full,3b75d0e1-a430-4d1e-a89e-672d25ca6953,0.5176,0.504,0.0,0.01367,0.0005623638909880786,24.311438222597733,0.0627450980392158,150128,False,0.06274509803921569
fgsm,full,963b58ae-2175-4aa5-90be-c37d44809c91,0.5103,0.4922,1.0,0.01807,0.0007433069283892682,24.305445775564724,0.06274509803921591,150054,False,0.06274509803921569
fgsm,full,4206173d-0db2-4f32-80fb-0bd99d5532e1,0.5244,0.5015,0.0,0.02295,0.0009437385405085712,24.317348243715372,0.0627450980392158,150201,False,0.06274509803921569
fgsm,full,b97b78b8-bcb0-4694-aa55-d3ca9c4396df,0.5244,0.5,0.0,0.02441,0.0010048506004871527,24.29621127570161,0.06274509803921591,149940,False,0.06274509803921569
fgsm,full,9a4b8ac5-0371-4bc0-a609-32ad46806f7c,0.5195,0.4893,1.0,0.03027,0.0012447949550369935,24.32001942573134,0.0627450980392158,150234,False,0.06274509803921569
fgsm,full,3ef164d4-0e03-4695-bc05-bad84b526960,0.499,0.4827,1.0,0.01636,0.0006727363707407468,24.31475772636101,0.0627450980392158,150169,False,0.06274509803921569
fgsm,full,bc6dd946-0b3f-445f-8d78-3cc39a0b14ae,0.523,0.5005,0.0,0.02246,0.0009239358484010687,24.310061710053528,0.06274509803921591,150111,False,0.06274509803921569
fgsm,full,78228039-bc86-44ce-8a13-57cf49ccf493,0.506,0.4958,1.0,0.01001,0.00041153749354888586,24.32285217700482,0.0627450980392158,150269,False,0.06274509803921569
fgsm,full,af31012f-209d-41cf-a2f4-4ef1105067c9,0.512,0.4946,1.0,0.01758,0.0007226110316589329,24.32584644109147,0.0627450980392158,150306,False,0.06274509803921569
fgsm,full,0a15acdd-248c-47ff-abfc-d33f8a0cf417,0.5166,0.502,0.0,0.01465,0.0006024264118035422,24.315729202710905,0.0627450980392158,150181,False,0.06274509803921569
fgsm,full,b3e8a708-d8e1-434e-92ca-5d5e79aca86e,0.5205,0.497,1.0,0.02344,0.0009641326637797725,24.309413912474056,0.06274509803921591,150103,False,0.06274509803921569
fgsm,full,c60a0502-26cb-40a1-8343-43625a3c4e3f,0.5176,0.503,0.0,0.01465,0.0006024745536024554,24.313786211195016,0.0627450980392158,150157,False,0.06274509803921569
fgsm,full,be8c0087-ae1c-4b60-acb0-4b2e6157eadb,0.5083,0.4993,1.0,0.00903,0.00037164231910447184,24.30617466560439,0.0627450980392158,150063,False,0.06274509803921569
fgsm,full,42da1a6f-7984-4d82-b10a-603b8e3724c5,0.515,0.4993,1.0,0.01587,0.0006525525778370743,24.318562453731644,0.0627450980392158,150216,False,0.06274509803921569
fgsm,full,85727853-cb45-478d-a517-a0f0c85d0eb5,0.5254,0.5044,0.0,0.021,0.0008632422205786376,24.322366585931977,0.0627450980392158,150263,False,0.06274509803921569
fgsm,full,8c2aa2bb-ac88-4f14-a322-72d7e23749e8,0.522,0.506,0.0,0.01611,0.0006626028758587597,24.318157723795743,0.0627450980392158,150211,False,0.06274509803921569
fgsm,full,5df1e543-92ca-42f2-94a8-7446f944a1ba,0.5073,0.4963,1.0,0.01099,0.00045190106031333933,24.31135725342907,0.0627450980392158,150127,False,0.06274509803921569
fgsm,full,32e8b837-8656-47e1-87ec-b365c7670984,0.5103,0.4944,1.0,0.01587,0.0006527851111544757,24.30989976227699,0.0627450980392158,150109,False,0.06274509803921569
fgsm,full,fb10f71b-fd9d-43cc-a310-c5b48b7d22c8,0.5137,0.508,0.0,0.00586,0.0002409721692717358,24.315567292681287,0.0627450980392158,150179,False,0.06274509803921569
fgsm,full,9bc684ec-12a8-4c76-85a3-29a75d550968,0.5146,0.499,1.0,0.01563,0.0006423059605767435,24.32641288202719,0.0627450980392158,150313,False,0.06274509803921569
fgsm,full,39919c47-0f93-417f-96fb-1aa8a6d6e7ab,0.5215,0.508,0.0,0.01367,0.0005626094078712262,24.300828964280697,0.0627450980392158,149997,False,0.06274509803921569
fgsm,full,0d77cf1a-64d4-4f8a-938b-9b838d549090,0.5176,0.4888,1.0,0.02881,0.001185135002200554,24.3082802251701,0.06274509803921591,150089,False,0.06274509803921569
fgsm,full,9e6239f2-9352-4bad-a19a-22538ddd0e27,0.514,0.505,0.0,0.00928,0.0003814237248865989,24.322933107907772,0.06274509803921591,150270,False,0.06274509803921569
fgsm,full,9efa04ab-254a-4047-8f2f-91e5fe93062f,0.5225,0.504,0.0,0.01855,0.0007633937611063329,24.30552676442634,0.0627450980392158,150055,False,0.06274509803921569
fgsm,full,342bd0cf-b337-40e9-8512-eb170292e2f2,0.5195,0.502,0.0,0.01758,0.0007230176167030153,24.31216693298106,0.0627450980392158,150137,False,0.06274509803921569
fgsm,full,67bc7433-4582-493a-af6b-82d0383d9c32,0.513,0.4934,1.0,0.01978,0.0008135384254382962,24.307875324033485,0.0627450980392158,150084,False,0.06274509803921569
fgsm,full,49f0fa25-89cd-41a7-9c70-4d7d8d9be572,0.522,0.4946,1.0,0.02734,0.0011247614965569908,24.31070949037141,0.06274509803921591,150119,False,0.06274509803921569
fgsm,full,c1273696-fdec-48a9-988c-74e57b6323fa,0.5024,0.4844,1.0,0.01807,0.0007429851536977764,24.31597206573391,0.0627450980392158,150184,False,0.06274509803921569
fgsm,full,2fba3da2-e622-477e-a8fe-8fcc06550b25,0.514,0.504,0.0,0.010254,0.0004218192813489141,24.308766097631597,0.0627450980392158,150095,False,0.06274509803921569
fgsm,full,bf99f510-56e1-421b-ad0f-ad10f4cdd3a3,0.5205,0.4983,1.0,0.02222,0.0009138261055328007,24.311843064396122,0.0627450980392158,150133,False,0.06274509803921569
fgsm,full,3e3babaa-b242-4dac-a549-9c87dec28ead,0.511,0.4973,1.0,0.013916,0.0005724919103276989,24.307794342996814,0.06274509803921591,150083,False,0.06274509803921569
fgsm,full,b7fe2048-abe7-4f69-b82a-ed93c354a8aa,0.517,0.499,1.0,0.01807,0.0007429777330602007,24.31621492633127,0.0627450980392158,150187,False,0.06274509803921569
fgsm,full,b829950f-6e68-4f84-9d7c-65a0aa3d0cab,0.515,0.4917,1.0,0.02344,0.0009633852379488252,24.32827395224333,0.06274509803921591,150336,False,0.06274509803921569
fgsm,full,01a7353d-25bb-4ff8-916b-f50dd541dccf,0.5146,0.501,0.0,0.01367,0.000562365763945489,24.311357253429065,0.0627450980392158,150127,False,0.06274509803921569
fgsm,full,453a9434-2ca7-4a28-b6f3-833b994e6e73,0.5186,0.503,0.0,0.01563,0.0006426288246498603,24.31419101389838,0.0627450980392158,150162,False,0.06274509803921569
fgsm,full,df6fce59-efa3-41a1-bdf7-1ff27cad394f,0.517,0.507,0.0,0.010254,0.0004216928725046344,24.31605301953587,0.0627450980392158,150185,False,0.06274509803921569
fgsm,full,fdfce1ff-203e-4b23-a360-3803558a7f7a,0.5205,0.5054,0.0,0.01514,0.0006224782788970002,24.316862542732753,0.06274509803921591,150195,False,0.06274509803921569
fgsm,full,3b1a0e72-4870-4927-8171-293f1a767bde,0.516,0.5073,0.0,0.00879,0.0003614763066313403,24.314352933092678,0.0627450980392158,150164,False,0.06274509803921569
fgsm,full,13932109-fbd1-4b6b-b81c-91682740cc50,0.518,0.5103,0.0,0.007812,0.00032123847688034555,24.31993848513235,0.0627450980392158,150233,False,0.06274509803921569
fgsm,full,3817e718-4a42-4d67-a34a-ab1a4b9d52b3,0.503,0.492,1.0,0.01099,0.00045174461508294857,24.319776603126222,0.06274509803921591,150231,False,0.06274509803921569
fgsm,full,bf3ef845-34ab-4b80-81e7-ac7a3b23485a,0.509,0.4854,1.0,0.02344,0.0009641037609471038,24.31014268353723,0.0627450980392158,150112,False,0.06274509803921569
fgsm,full,b7b51f82-2aa9-4375-a84f-25c52eeb0b40,0.516,0.5015,0.0,0.01465,0.0006026993680338464,24.3047168636659,0.0627450980392158,150045,False,0.06274509803921569
fgsm,full,dd033b96-06ce-4587-b781-e0e2dd4026ac,0.523,0.505,0.0,0.01807,0.0007428021761779338,24.321961919298793,0.0627450980392158,150258,False,0.06274509803921569
fgsm,full,8917b2df-a22a-4da0-935c-397926ad5a1a,0.513,0.4976,1.0,0.01563,0.0006426117070529156,24.314838684205995,0.0627450980392158,150170,False,0.06274509803921569
fgsm,full,a81ed846-615a-4432-8e34-67b1169ebea5,0.5283,0.511,0.0,0.01709,0.0007037780634588901,24.283001460673532,0.0627450980392158,149777,False,0.06274509803921569
fgsm,full,3f25e62e-b79f-4cdd-8607-adc010808d4c,0.5103,0.5015,0.0,0.00879,0.00036149917729822465,24.31281465720827,0.0627450980392158,150145,False,0.06274509803921569
fgsm,full,b435cc3a-cc81-4361-ac91-235b4150265e,0.514,0.4993,1.0,0.01489,0.0006124423843185849,24.316700640249355,0.0627450980392158,150193,False,0.06274509803921569
fgsm,full,38b147a7-352b-4adb-88b5-2449d362acae,0.52,0.5005,0.0,0.01953,0.0008034037448633447,24.310628518775623,0.0627450980392158,150118,False,0.06274509803921569
fgsm,full,b6271674-f13d-4087-ae03-d6ae35381dfc,0.5176,0.5,0.0,0.01758,0.0007229911317033794,24.31305754934466,0.0627450980392158,150148,False,0.06274509803921569
fgsm,full,059f1e59-573c-49d1-ac78-3323a2ff047f,0.506,0.4858,1.0,0.02002,0.0008237083506343036,24.304149917075268,0.0627450980392158,150038,False,0.06274509803921569
fgsm,full,d20338e0-8ae9-4a30-9a0e-8225aae32073,0.516,0.4978,1.0,0.01831,0.0007534570700195322,24.302043999654494,0.0627450980392158,150012,False,0.06274509803921569
fgsm,full,94399962-8f89-4dfa-a93f-7a3df88feca5,0.522,0.498,1.0,0.02393,0.0009837502733029213,24.320990691908197,0.0627450980392158,150246,False,0.06274509803921569
fgsm,full,d759f178-2451-47bc-80c0-2efe67588693,0.5176,0.5054,0.0,0.01221,0.0005019384612032761,24.319776603126225,0.0627450980392158,150231,False,0.06274509803921569
fgsm,full,baf8fe18-a7ca-4e9c-b3dc-5c80d474545b,0.5195,0.504,0.0,0.01563,0.0006426566436626321,24.31313851285089,0.0627450980392158,150149,False,0.06274509803921569
fgsm,full,9708b405-8887-4824-b354-f7c245eedfc3,0.522,0.498,1.0,0.02393,0.0009844188090735236,24.30447388817503,0.06274509803921591,150042,False,0.06274509803921569
fgsm,full,f7856767-112d-4ff6-8b20-1188c0c47a1a,0.5205,0.504,0.0,0.0166,0.0006828863596721562,24.310871432753913,0.06274509803921591,150121,False,0.06274509803921569
fgsm,full,4fd86b92-7ee7-44b7-8b94-7bafbedfaedd,0.5205,0.498,1.0,0.02246,0.0009235636948071655,24.319857544263982,0.0627450980392158,150232,False,0.06274509803921569
fgsm,full,b23184fc-0e6e-4802-a451-da82e2ac6e9a,0.5195,0.5,0.0,0.01953,0.0008036714693712636,24.302529996794796,0.0627450980392158,150018,False,0.06274509803921569
fgsm,full,1923df31-e23a-4ee4-86f8-35d124af2f61,0.521,0.499,1.0,0.02197,0.0009036065260033639,24.316619688603417,0.0627450980392158,150192,False,0.06274509803921569
fgsm,full,b6d61fae-fa1f-4328-b065-033ee168cd98,0.5073,0.4958,1.0,0.011475,0.0004717907502222487,24.321395374700952,0.0627450980392158,150251,False,0.06274509803921569
fgsm,full,6ccf77da-c917-4fc1-8bf7-f0e7bfd3acf4,0.5205,0.5054,0.0,0.01514,0.0006225052196838822,24.315810157321426,0.0627450980392158,150182,False,0.06274509803921569
fgsm,full,b5017804-ddc0-44fa-8d64-15628c25e031,0.512,0.4895,1.0,0.0227,0.0009338231202101013,24.31411005389687,0.0627450980392158,150161,False,0.06274509803921569
fgsm,full,37f025d9-05c0-4e27-9a75-2e6a2085fa30,0.4976,0.4827,1.0,0.01489,0.0006123486186970036,24.3204241246856,0.06274509803921591,150239,False,0.06274509803921569
fgsm,full,2456fcb4-82bd-4fa9-8ef2-8e1250c3ff50,0.517,0.4973,1.0,0.01978,0.0008132133870997381,24.317591090568797,0.0627450980392158,150204,False,0.06274509803921569
fgsm,full,b090dd7d-b4d9-4ebe-b36d-95f83510e955,0.5166,0.5005,0.0,0.01611,0.0006625940537399745,24.31848150828333,0.0627450980392158,150215,False,0.06274509803921569
fgsm,full,67b8ef8a-5285-4eec-88c8-8f4fe53f0f6e,0.52,0.503,0.0,0.01709,0.0007027044907603294,24.32010036606094,0.0627450980392158,150235,False,0.06274509803921569
fgsm,full,aafca7fa-b482-4e37-bbc4-96da4b744847,0.517,0.503,0.0,0.01416,0.0005825802695497547,24.30593170468651,0.0627450980392158,150060,False,0.06274509803921569
fgsm,full,0808c4af-9ed6-46e3-a936-2cafb0004e6a,0.5234,0.5024,0.0,0.021,0.0008637942577065919,24.306822549512564,0.0627450980392158,150071,False,0.06274509803921569
fgsm,full,01f3abc2-33c7-4ea2-a599-dc49b76fcfae,0.525,0.5005,0.0,0.02441,0.0010040239635948657,24.31621492633127,0.06274509803921591,150187,False,0.06274509803921569
fgsm,full,eb3d5fed-558d-4aba-b13e-f7917c49c79b,0.5234,0.506,0.0,0.01758,0.0007228274708349133,24.31856245373164,0.0627450980392158,150216,False,0.06274509803921569
fgsm,full,2278d9f3-e7bf-4e36-a194-aaf5bdb20762,0.5127,0.504,0.0,0.00879,0.0003615136241668222,24.311843064396122,0.06274509803921591,150133,False,0.06274509803921569
fgsm,full,ae06ef31-ae55-4e3c-9460-ae5c3733bedb,0.5166,0.5,0.0,0.0166,0.0006829022814009434,24.310304629695505,0.0627450980392158,150114,False,0.06274509803921569
fgsm,full,6365ff26-72cf-4428-8610-66aab9c787c9,0.518,0.503,0.0,0.01514,0.0006226710861739305,24.309332936562843,0.06274509803921591,150102,False,0.06274509803921569
fgsm,full,261341d3-1df2-4cf4-b9a8-b1e02a124900,0.5137,0.503,0.0,0.01074,0.0004417190772533216,24.31904812076357,0.0627450980392158,150222,False,0.06274509803921569
fgsm,full,361c09b7-beb1-4be9-bb4b-c6400c293a19,0.5195,0.499,1.0,0.02051,0.0008438269191194351,24.30333997043185,0.0627450980392158,150028,False,0.06274509803921569
fgsm,full,1d1c3fb7-71d6-4104-8a93-320e4959bbdb,0.523,0.507,0.0,0.01611,0.0006628102971469225,24.310547546910136,0.0627450980392158,150117,False,0.06274509803921569
fgsm,full,3fa13d7f-8b18-443d-8dfe-2b098bfec24a,0.524,0.505,0.0,0.01904,0.0007832325681123446,24.313300439054526,0.0627450980392158,150151,False,0.06274509803921569
fgsm,full,755c7169-e84a-4327-a4d6-b0ff906a88f8,0.5234,0.5054,0.0,0.01807,0.0007428812850004883,24.31937189339655,0.0627450980392158,150226,False,0.06274509803921569
fgsm,full,5b684669-0ee0-44ff-851b-e2f6146c7e30,0.511,0.4946,1.0,0.0166,0.0006828363272021644,24.312652727769247,0.0627450980392158,150143,False,0.06274509803921569
fgsm,full,ada5d3a7-098d-4691-ba53-e633cfd3b86f,0.514,0.4993,1.0,0.01489,0.0006121734332147494,24.327383892946518,0.0627450980392158,150325,False,0.06274509803921569
fgsm,full,339907f7-5f76-40b4-8476-9c3460417d16,0.522,0.5073,0.0,0.01465,0.0006021878790740578,24.32536090979114,0.06274509803921591,150300,False,0.06274509803921569
fgsm,full,48ea9943-604a-4f7f-bf84-22ef754c5e2b,0.522,0.5,0.0,0.02197,0.0009034020397892647,24.32212378676,0.0627450980392158,150260,False,0.06274509803921569
fgsm,full,6f0d2ff9-c0dc-48c3-a944-1f18dc185e1f,0.5137,0.4915,1.0,0.02222,0.0009135401612772146,24.31945283588128,0.0627450980392158,150227,False,0.06274509803921569
fgsm,full,a0c22f32-1156-4c62-894a-19ce51aee219,0.517,0.5044,0.0,0.012695,0.0005221602617857741,24.31305754934466,0.0627450980392158,150148,False,0.06274509803921569
fgsm,full,f655a822-225d-4fe0-a69f-0886f91c5f2b,0.524,0.503,0.0,0.021,0.0008643819591463305,24.29029611179306,0.06274509803921591,149867,False,0.06274509803921569
fgsm,full,3bf6bb05-9ec6-4c32-a8c4-fdd7704c188c,0.522,0.507,0.0,0.01514,0.0006223829780373643,24.320586002381717,0.0627450980392158,150241,False,0.06274509803921569
fgsm,full,ec4cf99b-0d23-4aa5-abac-3f8ae0257eb9,0.5195,0.4949,1.0,0.02466,0.0010139831888141626,24.318157723795743,0.0627450980392158,150211,False,0.06274509803921569
fgsm,full,fd45f813-2237-4639-b340-2e1b97737da6,0.523,0.504,0.0,0.01904,0.0007834987349968612,24.30504082720861,0.06274509803921591,150049,False,0.06274509803921569
fgsm,full,04e9f692-f3d6-496b-ae0c-905137cc1f84,0.5225,0.506,0.0,0.0166,0.0006830137646937071,24.30633663820043,0.0627450980392158,150065,False,0.06274509803921569
fgsm,full,b4198862-dc25-4cff-acd5-b0b954bd3a03,0.5127,0.503,0.0,0.009766,0.00040150132965042834,24.32277124583258,0.06274509803921591,150268,False,0.06274509803921569
fgsm,full,3f350a20-291b-4a3c-8e7b-72b885f19ec9,0.5254,0.5034,0.0,0.02197,0.0009037780405877689,24.312004999227884,0.0627450980392158,150135,False,0.06274509803921569
fgsm,full,17477206-a644-49de-83a8-b32d5ba9ba5b,0.5176,0.5015,0.0,0.01611,0.0006625940537399745,24.31848150828333,0.0627450980392158,150215,False,0.06274509803921569
fgsm,full,a7cc220e-bef4-4d27-a921-7773ebef1282,0.5156,0.5005,0.0,0.01514,0.0006228017993930887,24.304230910255068,0.0627450980392158,150039,False,0.06274509803921569
fgsm,full,a4a95682-8ee5-42a1-a957-a4e8a924da2f,0.519,0.5054,0.0,0.01367,0.0005623002215686278,24.31419101389838,0.0627450980392158,150162,False,0.06274509803921569
fgsm,full,b9a014f0-6ab0-449a-be4d-1911473dde10,0.513,0.4993,1.0,0.013916,0.0005722288910557848,24.318967176931796,0.0627450980392158,150221,False,0.06274509803921569
fgsm,full,35dd41bb-baee-48e7-a450-95532043dc36,0.5195,0.507,0.0,0.012695,0.0005222141735096965,24.310547546910136,0.0627450980392158,150117,False,0.06274509803921569
fgsm,full,26950e98-3b48-4d7c-b2d0-daa4249be551,0.5195,0.4902,1.0,0.0293,0.0012049611442777315,24.313543326337957,0.0627450980392158,150154,False,0.06274509803921569
fgsm,full,e6dc5d04-2f76-425f-99d7-cae3aa095122,0.516,0.4963,1.0,0.01978,0.0008135357151748447,24.307956304800367,0.0627450980392158,150085,False,0.06274509803921569
fgsm,full,abc07cd4-2d0f-4ad8-a516-b45d035dadb1,0.5146,0.502,0.0,0.012695,0.000522007312979391,24.320181306121167,0.0627450980392158,150236,False,0.06274509803921569
fgsm,full,b489923b-d8be-4e8d-8620-bea0343a2f67,0.5137,0.499,1.0,0.01465,0.0006026029881795054,24.308604141223483,0.0627450980392158,150093,False,0.06274509803921569
fgsm,full,073102b7-565c-460a-9b69-13e2f34c4ee9,0.518,0.503,0.0,0.01514,0.0006224285512478911,24.318805288460005,0.0627450980392158,150219,False,0.06274509803921569
fgsm,full,5bfdc9ee-e21d-46e5-bbfc-20cea10c3175,0.5146,0.5034,0.0,0.01123,0.00046183103592600756,24.317267294225292,0.0627450980392158,150200,False,0.06274509803921569
fgsm,full,c7024796-39ed-4eda-906d-65a1fb5d5c52,0.518,0.4988,1.0,0.01929,0.0007932106207922578,24.315243469387678,0.0627450980392158,150175,False,0.06274509803921569
fgsm,full,baf86877-7802-4dff-8870-cf2f38bc082a,0.522,0.502,0.0,0.02002,0.0008234504418988694,24.311762096575762,0.0627450980392158,150132,False,0.06274509803921569
fgsm,full,fc0912c2-0cfc-420e-8c77-0fae34451d7e,0.516,0.506,0.0,0.010254,0.00042171252863871785,24.31491964178143,0.0627450980392158,150171,False,0.06274509803921569
fgsm,full,b539db75-809d-4c0c-8b9f-b0e934ed740e,0.512,0.502,0.0,0.010254,0.00042165076147089283,24.31848150828333,0.0627450980392158,150215,False,0.06274509803921569
fgsm,full,b3db4730-7c2d-4b91-b09b-2346fef7dc58,0.516,0.494,1.0,0.02222,0.0009134550382653915,24.321719116087102,0.0627450980392158,150255,False,0.06274509803921569
fgsm,full,86459db9-dc9d-42f5-818d-9525684d5406,0.5176,0.4976,1.0,0.02002,0.0008240132147016752,24.295157995746116,0.06274509803921591,149927,False,0.06274509803921569
fgsm,full,43605721-d0e0-4d58-b212-b05a295b21be,0.5176,0.4983,1.0,0.01929,0.0007933215641438599,24.311843064396122,0.06274509803921591,150133,False,0.06274509803921569
fgsm,full,bd7e6f9f-2933-496e-b180-4799292c6afc,0.4968,0.485,1.0,0.01172,0.0004818144212209412,24.32212378676,0.06274509803921591,150260,False,0.06274509803921569
fgsm,full,8eb51db4-ac8d-4a83-b071-53fce028dd27,0.516,0.502,0.0,0.01416,0.0005823726766797703,24.314595809862364,0.0627450980392158,150167,False,0.06274509803921569
fgsm,full,0927e819-9640-487d-a04e-f5d4732dbe0a,0.517,0.4993,1.0,0.01782,0.0007327057954523052,24.323904257739784,0.0627450980392158,150282,False,0.06274509803921569
fgsm,full,0a6a5956-58cf-4f17-9e39-7e0d17310f67,0.5156,0.5005,0.0,0.01514,0.0006224741344710073,24.31702444413821,0.06274509803921591,150197,False,0.06274509803921569
fgsm,full,0ff5bf5b-6af7-4537-90d0-1c47058d0627,0.519,0.501,0.0,0.01807,0.0007427107380987698,24.324956292971116,0.0627450980392158,150295,False,0.06274509803921569
fgsm,full,7e2b8ceb-9db2-4159-9e63-96d734dd1218,0.521,0.4966,1.0,0.02441,0.0010047902907550771,24.297669587955,0.0627450980392158,149958,False,0.06274509803921569
fgsm,full,3f9d98ed-1a89-436c-a528-8d34b10a8530,0.5093,0.503,0.0,0.006348,0.0002609975761835381,24.320747879000375,0.0627450980392158,150243,False,0.06274509803921569
fgsm,full,6d2371e4-f8cd-4f6f-bf9e-1e8773b3960a,0.5215,0.5005,0.0,0.021,0.000863411744328117,24.317591090568797,0.0627450980392158,150204,False,0.06274509803921569
fgsm,full,70764772-7dbc-4ab1-a5ed-08108fa547d8,0.52,0.5024,0.0,0.01758,0.0007231115415242148,24.30900903022061,0.0627450980392158,150098,False,0.06274509803921569
fgsm,full,59a7bb86-70cd-4b0f-9f17-330e2a76f4aa,0.514,0.4993,1.0,0.01489,0.0006125035590218984,24.314271973630316,0.0627450980392158,150163,False,0.06274509803921569
fgsm,full,6821b958-8b00-40f0-8ec2-8912d21acfaa,0.5146,0.4966,1.0,0.01807,0.000742910957325924,24.31840056256559,0.0627450980392158,150214,False,0.06274509803921569
fgsm,full,53d4697b-98ba-4dbc-892e-a602baec576b,0.514,0.5024,0.0,0.01172,0.0004821466412106556,24.305364786433245,0.0627450980392158,150053,False,0.06274509803921569
fgsm,full,1f45c8c0-4475-45e9-85e5-0cf139d0572b,0.517,0.4966,1.0,0.02051,0.0008435008893215088,24.31273369262357,0.0627450980392158,150144,False,0.06274509803921569
fgsm,full,c3c1ef6e-055c-4f54-a7f5-d0f6eed1d2da,0.521,0.5024,0.0,0.01855,0.0007631039429298023,24.31475772636101,0.06274509803921591,150169,False,0.06274509803921569
fgsm,full,3185ee2b-a09e-40fd-8f57-4d2802c0248d,0.518,0.4998,1.0,0.01831,0.0007530706238442202,24.3145148512087,0.06274509803921591,150166,False,0.06274509803921569
fgsm,full,c8f8c1af-28f3-420d-85d6-9501a8002097,0.514,0.4968,1.0,0.01733,0.0007129424658458521,24.31330043905453,0.0627450980392158,150151,False,0.06274509803921569
fgsm,full,6735932c-c8ca-45d5-be56-1ff682a3182e,0.5195,0.5015,0.0,0.01807,0.0007428071197389503,24.32180005076032,0.0627450980392158,150256,False,0.06274509803921569
fgsm,full,d4a31817-cd95-46ad-b41d-9350faa087c8,0.517,0.507,0.0,0.010254,0.00042167602657713395,24.31702444413821,0.0627450980392158,150197,False,0.06274509803921569
fgsm,full,8502b7bb-f681-47a1-aa45-06f6b692841a,0.5176,0.5015,0.0,0.01611,0.0006627882217928976,24.31135725342907,0.06274509803921591,150127,False,0.06274509803921569
