algorithm,mode,patient_id,clean_prob,adv_prob,success,confidence_drop,efficiency,l2_norm,linf_norm,l0_norm,param_steps,param_overshoot
deepfool,lesion,0c5dc7d1-7022-4e46-bc02-ff9999912edd,0.518,0.5054,0.0,0.012695,6.97095336999201e-05,182.1173062776843,1.704671972319616,92207,50,0.02
deepfool,lesion,bf842c92-c6ed-4be4-b188-c05ec8bf8dc2,0.5225,0.5063,0.0,0.01611,6.226456556835868e-05,258.78733919193564,1.777664106265571,102955,50,0.02
deepfool,lesion,f92ddac9-aba6-4607-ba72-6ab7e8776fef,0.52,0.5063,0.0,0.01367,0.00010628784354580995,128.63065561250716,1.777664106265571,81787,50,0.02
deepfool,lesion,7f9623a6-510f-4e84-8e58-12b65a5e9dfc,0.521,0.509,0.0,0.01221,0.0001818630082522441,67.12212321513022,1.4564987137831231,72547,50,0.02
deepfool,lesion,051e6e97-fda7-4b5c-8d5f-084bf3607d22,0.5,0.4983,1.0,0.001709,5.8228690362981e-06,293.49524509111427,1.79226253374815,102114,50,0.02
deepfool,lesion,5acc56a4-1b6e-4394-9364-9772047d583f,0.5107,0.5005,0.0,0.010254,9.045474000684757e-05,113.3595237609352,1.79226253374815,79115,50,0.02
deepfool,lesion,ad4d16e5-a851-4327-b9fe-5977da445669,0.512,0.5054,0.0,0.006836,2.513375952591134e-05,271.9822910974077,1.79226253374815,95591,50,0.02
deepfool,lesion,c1f94928-371a-42d0-91ae-f959928694fe,0.5127,0.505,0.0,0.007812,4.366377917461884e-05,178.92404522109396,1.79226253374815,94133,50,0.02
deepfool,lesion,96f34fa9-0e56-4fdb-bfd7-781d8c453bcb,0.515,0.5107,0.0,0.004395,1.8446058922744755e-05,238.2368650246964,1.79226253374815,94052,50,0.02
deepfool,lesion,b9201f87-a5ef-49f1-b45f-4c54272bc5d6,0.519,0.503,0.0,0.01611,5.483556589933126e-05,293.84726837747746,1.79226253374815,119847,50,0.02
deepfool,lesion,33a39200-fa81-4530-ae1e-274ca204f3ea,0.5103,0.5054,0.0,0.004883,2.206768229402728e-05,221.26530710027842,1.79226253374815,89394,50,0.02
deepfool,lesion,427412d0-cf4c-4a13-b58e-6ffdd004c6ec,0.5156,0.5054,0.0,0.010254,5.129092304352119e-05,199.91658642575962,1.719270398068725,100958,50,0.02
deepfool,lesion,72848196-fd24-4106-9c33-9c29b7a66a04,0.5195,0.514,0.0,0.00537,2.421838587382578e-05,221.7775279385019,1.690073546570507,95953,50,0.02
deepfool,lesion,abcb43a2-7b1d-428a-b909-e54c92acbd5b,0.516,0.507,0.0,0.00928,4.637052408010687e-05,200.06984897365672,1.79226253374815,100828,50,0.02
deepfool,lesion,9954f203-ec80-45ce-85a6-fb155368370f,0.5083,0.4998,1.0,0.008545,5.237349673201924e-05,163.15354917389374,1.79226253374815,96121,50,0.02
deepfool,lesion,077ff78d-27ef-49d4-9e8e-00e458844a3e,0.5166,0.501,0.0,0.01563,6.676454972817109e-05,234.0313843641401,1.79226253374815,114477,50,0.02
deepfool,lesion,bf7b0977-4f77-45a7-8c03-77602f82b905,0.517,0.508,0.0,0.00928,2.860057527150758e-05,324.3761239640608,1.79226253374815,110452,50,0.02
deepfool,lesion,c34a3ea0-04d7-4df6-afab-0d7c7280b749,0.5103,0.5044,0.0,0.00586,3.469840242279343e-05,168.86584368518314,1.777664106265571,79219,50,0.02
deepfool,lesion,e2bc24a7-e469-48e2-9d5a-6ffc8557d59e,0.5186,0.5,0.0,0.01855,6.72587949848748e-05,275.8700554105972,1.79226253374815,101536,50,0.02
deepfool,lesion,175c8be2-76a4-469b-9595-ed33ecedb3cb,0.5225,0.5063,0.0,0.01611,5.287640281964168e-05,304.7348229120785,1.79226253374815,114084,50,0.02
deepfool,lesion,bcaf0768-3841-4280-8de4-57e822f38c7a,0.5205,0.511,0.0,0.00928,3.0868947203940814e-05,300.5396876154863,1.79226253374815,111592,50,0.02
deepfool,lesion,6e73017c-4e3a-499b-a597-4a797bb179de,0.5244,0.514,0.0,0.010254,3.749971240576245e-05,273.4395970473982,1.79226253374815,103612,50,0.02
deepfool,lesion,dc995045-8ec6-4cef-ba20-350c66732a9b,0.521,0.5093,0.0,0.01172,4.3359783991473964e-05,270.2677209340045,1.79226253374815,98379,50,0.02
deepfool,lesion,83f0d9e7-520b-41ee-a7c0-f93713784281,0.5176,0.5024,0.0,0.01514,0.00011162923756548699,135.59815581472364,1.748467253033883,107502,50,0.02
deepfool,lesion,bfbea630-4c43-485f-b1b2-0e5715109ae3,0.4983,0.5005,0.0,-0.002197,-1.4257993418243032e-05,154.10763355003584,1.777664106265571,82353,50,0.02
deepfool,lesion,4a567c8b-ab4e-4c3a-a053-9a23b087545a,0.524,0.509,0.0,0.01514,8.208806706264559e-05,184.39609179282436,1.79226253374815,99593,50,0.02
deepfool,lesion,b900d3e4-787b-44b3-9754-88f93db99c27,0.523,0.5054,0.0,0.01758,7.809322918764877e-05,225.09153715466056,1.7338688238178337,97395,50,0.02
deepfool,lesion,0983ae59-b906-4fd5-a810-edfe0580fe3b,0.5156,0.509,0.0,0.006836,2.3823572694851254e-05,286.94006509104094,1.79226253374815,106656,50,0.02
deepfool,lesion,e15ecf55-b05a-4f6f-bb25-d51d4a438963,0.505,0.5024,0.0,0.002441,8.729343368099139e-06,279.67810944803466,1.7338688238178337,94720,50,0.02
deepfool,lesion,747b1c03-c554-41ea-9d57-7b54894985f3,0.5103,0.503,0.0,0.007324,3.7923461460614704e-05,193.13159895035716,1.777664106265571,115443,50,0.02
deepfool,lesion,87e4af8b-1110-481d-86de-f315ca03936d,0.5186,0.5117,0.0,0.006836,3.0099600081630306e-05,227.11057559435667,1.763065678782992,88625,50,0.02
deepfool,lesion,878ae8b8-f206-4d82-8099-3a56f89bb9c4,0.5117,0.5044,0.0,0.007324,3.181133542158429e-05,230.2392732847152,1.79226253374815,69634,50,0.02
deepfool,lesion,34873b9f-5305-404e-b7f7-5105feede48a,0.5156,0.506,0.0,0.009766,4.809615320573899e-05,203.04378518059468,1.79226253374815,103218,50,0.02
deepfool,lesion,72a10e64-2d93-4b61-8b90-8efef7284ced,0.5195,0.506,0.0,0.01367,7.34745274806386e-05,186.07639229620025,1.748467253033883,90226,50,0.02
deepfool,lesion,04e6f392-a196-447f-9b75-f5af995a36d0,0.5186,0.513,0.0,0.00537,4.787386074293405e-05,112.19261756143219,1.690073546570507,65400,50,0.02
deepfool,lesion,5a8415b5-f658-4d37-8144-1aa22420f84f,0.518,0.508,0.0,0.010254,6.21525831942591e-05,164.97956677568317,1.79226253374815,80536,50,0.02
deepfool,lesion,3874e3f6-0c79-4fc1-a874-1d761e475e53,0.5166,0.51,0.0,0.006836,1.4262581433802814e-05,479.29174193221183,1.79226253374815,131781,50,0.02
deepfool,lesion,2c376b9a-167a-43d3-bcc2-b4af32fb9f74,0.507,0.4993,1.0,0.00757,3.411944372517288e-05,221.81954183136253,1.704671972319616,83952,50,0.02
deepfool,lesion,cf951660-886d-482d-99bf-2bdaedd5f4fd,0.5176,0.503,0.0,0.01465,5.900851534128191e-05,248.24277334701858,1.79226253374815,105215,50,0.02
deepfool,lesion,acb5c720-f741-415c-993c-65855be08ffa,0.5234,0.51,0.0,0.01367,6.729421609398888e-05,203.16567742213897,1.79226253374815,115463,50,0.02
deepfool,lesion,112bf6f9-0ac8-4ca0-a84b-ea29811fd871,0.517,0.5005,0.0,0.0166,6.813088540869337e-05,243.67160942840707,1.79226253374815,109619,50,0.02
deepfool,lesion,e6295ee0-bb33-49e3-9376-8b78f5a3fc52,0.5166,0.513,0.0,0.003418,1.617535258247623e-05,211.30721771970187,1.79226253374815,97316,50,0.02
deepfool,lesion,780579a3-2dcc-4343-9c92-de8be54e2865,0.5146,0.505,0.0,0.009766,3.492198746796226e-05,279.64115755467384,1.79226253374815,105445,50,0.02
deepfool,lesion,228b3dc1-f78a-4ac9-b213-2a416583d063,0.521,0.515,0.0,0.00586,2.4077862837926104e-05,243.35112460769818,1.79226253374815,86191,50,0.02
deepfool,lesion,3a010152-9ce2-4780-bdd8-bac6fa101991,0.504,0.503,0.0,0.000977,3.966731075490294e-06,246.18822939481174,1.79226253374815,108495,50,0.02
deepfool,lesion,9b6f8882-b59f-4a4d-8f48-b3f355fd70b9,0.516,0.508,0.0,0.0083,3.261791695068697e-05,254.4853266449621,1.79226253374815,113707,50,0.02
deepfool,lesion,d99282ee-dc00-40d4-bb8d-5f8dba263a05,0.515,0.5063,0.0,0.00879,3.080678629878258e-05,285.2963114831377,1.79226253374815,105414,50,0.02
deepfool,lesion,1748e4e2-5c73-4794-81fe-2c5fe4af8cdd,0.52,0.509,0.0,0.01123,4.339582901210507e-05,258.7914323847426,1.79226253374815,102380,50,0.02
deepfool,lesion,095edab1-09c6-4f83-931e-f0a33b77639c,0.4946,0.5005,0.0,-0.00586,-2.4445224983807453e-05,239.69405082738263,1.79226253374815,100838,50,0.02
deepfool,lesion,fd147f16-7eeb-474f-98df-c3b0c39c163c,0.5195,0.5054,0.0,0.01416,5.1150485737848974e-05,276.8332704025651,1.79226253374815,117115,50,0.02
deepfool,lesion,f1ba6a94-27b8-4537-8a11-6c4dbc3fe428,0.5176,0.5083,0.0,0.00928,3.682534747643564e-05,251.92820666711356,1.79226253374815,105187,50,0.02
deepfool,lesion,42765f9e-beea-4f46-8af4-f1282095662d,0.5176,0.5054,0.0,0.01221,4.56621047028741e-05,267.3339595048284,1.79226253374815,110925,50,0.02
deepfool,lesion,624a95b9-354b-415e-8bcc-382c6510469d,0.513,0.51,0.0,0.003418,1.2698675299807643e-05,269.15947287232297,1.79226253374815,114728,50,0.02
deepfool,lesion,38929efc-a8ad-42b5-9fff-8ba881a7873e,0.5254,0.51,0.0,0.01563,6.823318710544539e-05,228.99413998017255,1.79226253374815,114772,50,0.02
deepfool,lesion,bc7b5348-574e-49a2-a20a-719d942a9c31,0.5166,0.506,0.0,0.01074,4.1939471681123216e-05,256.1354988268872,1.777664106265571,121517,50,0.02
deepfool,lesion,35ffa64a-fc84-4582-95ad-40d4eab93197,0.5137,0.5,0.0,0.01367,4.3793498677408875e-05,312.18960376451446,1.79226253374815,106853,50,0.02
deepfool,lesion,0c89ca38-27ca-4cd0-88cb-18093fdcb04b,0.512,0.5073,0.0,0.004883,2.1317483797143222e-05,229.05200943280067,1.79226253374815,96588,50,0.02
deepfool,lesion,e5e4f0cf-58ec-4442-a54c-96d5d29d8f0b,0.516,0.5073,0.0,0.00879,1.8151175559419137e-05,484.21450561407886,1.79226253374815,127961,50,0.02
deepfool,lesion,ae9439c0-31a2-4b2a-946e-f9f497109c42,0.511,0.5083,0.0,0.00293,1.5008219295075925e-05,195.2055365296484,1.777664106265571,96954,50,0.02
deepfool,lesion,17f68ac3-2385-4b13-b8c0-66ba8b343205,0.5186,0.5015,0.0,0.01709,8.764885907498983e-05,194.98078959022084,1.79226253374815,116484,50,0.02
deepfool,lesion,975aac17-f7e4-4b6c-a669-e73b0bb5caef,0.515,0.5034,0.0,0.01172,4.6806480588508624e-05,250.3659718096597,1.79226253374815,92854,50,0.02
deepfool,lesion,3d384875-3304-44de-8b8b-40a131a722ce,0.5117,0.5024,0.0,0.00928,6.25539074412392e-05,148.3095801503567,1.748467253033883,111622,50,0.02
deepfool,lesion,bee78c8a-8a21-49b3-b1d5-93c93ccf300c,0.508,0.5024,0.0,0.00537,2.1996387160712704e-05,244.18072434064248,1.79226253374815,77877,50,0.02
deepfool,lesion,be9e9eea-96d0-43a3-801e-b39bfd209ca7,0.5205,0.51,0.0,0.01074,3.937493866897844e-05,272.81788525221214,1.79226253374815,105589,50,0.02
deepfool,lesion,b34524bc-e812-4067-a0e8-bd7185bfb814,0.5176,0.503,0.0,0.01465,9.424662551866659e-05,155.4266523437091,1.763065678782992,95950,50,0.02
deepfool,lesion,32c41ed0-6704-465c-94d3-3073b9b4415e,0.5146,0.5073,0.0,0.007324,4.748404688087518e-05,154.24588320998993,1.719270398068725,72446,50,0.02
deepfool,lesion,0ca3f31a-ace5-4bd2-9900-b152cc212c8e,0.5156,0.5073,0.0,0.0083,2.601732225715037e-05,319.048254378235,1.79226253374815,112176,50,0.02
deepfool,lesion,072e7048-52f1-4b2b-be08-42e0ca1ba1ee,0.514,0.5044,0.0,0.009766,2.639254893695472e-05,370.0144697302159,1.777664106265571,132151,50,0.02
deepfool,lesion,32c3e235-1885-4aad-b4ad-2ef8583fbb78,0.508,0.511,0.0,-0.003418,-1.6361510898007857e-05,208.9030023659092,1.719270398068725,74131,50,0.02
deepfool,lesion,49b95513-daab-49bb-bc6e-c5254ab1bc07,0.5195,0.5063,0.0,0.01318,6.73141042733086e-05,195.85187817101234,1.748467253033883,94708,50,0.02
deepfool,lesion,e7f182ac-e84e-4e0a-89f9-be61ea3c66c2,0.5107,0.5054,0.0,0.00537,2.7219057546406884e-05,197.3284247836433,1.719270398068725,106214,50,0.02
deepfool,lesion,f42223b1-1a5b-45c2-a1d2-25c6df776484,0.5234,0.5093,0.0,0.01416,7.593881411962427e-05,186.46796652545189,1.777664106265571,81820,50,0.02
deepfool,lesion,3b75d0e1-a430-4d1e-a89e-672d25ca6953,0.5176,0.51,0.0,0.007812,4.7384310798071374e-05,164.8752481136465,1.79226253374815,95622,50,0.02
deepfool,lesion,963b58ae-2175-4aa5-90be-c37d44809c91,0.5103,0.507,0.0,0.003418,1.5665531357179224e-05,218.18402912180522,1.748467253033883,104704,50,0.02
deepfool,lesion,4206173d-0db2-4f32-80fb-0bd99d5532e1,0.5244,0.5103,0.0,0.01416,7.360227236753859e-05,192.387487420961,1.79226253374815,77442,50,0.02
deepfool,lesion,b97b78b8-bcb0-4694-aa55-d3ca9c4396df,0.5244,0.506,0.0,0.01855,7.323445081515068e-05,253.36009613974022,1.79226253374815,105632,50,0.02
deepfool,lesion,9a4b8ac5-0371-4bc0-a609-32ad46806f7c,0.5195,0.5127,0.0,0.006836,2.976670603142854e-05,229.6504521691031,1.79226253374815,105584,50,0.02
deepfool,lesion,3ef164d4-0e03-4695-bc05-bad84b526960,0.499,0.5,0.0,-0.000977,-6.608539285801579e-06,147.77282205646492,1.79226253374815,79614,50,0.02
deepfool,lesion,bc6dd946-0b3f-445f-8d78-3cc39a0b14ae,0.523,0.509,0.0,0.01416,5.4594014086342145e-05,259.37195654928996,1.79226253374815,102629,50,0.02
deepfool,lesion,78228039-bc86-44ce-8a13-57cf49ccf493,0.506,0.506,0.0,0.0,0.0,214.85707667315293,1.777664106265571,100381,50,0.02
deepfool,lesion,af31012f-209d-41cf-a2f4-4ef1105067c9,0.512,0.5024,0.0,0.009766,5.7419384369528834e-05,170.0754040931202,1.79226253374815,100081,50,0.02
deepfool,lesion,0a15acdd-248c-47ff-abfc-d33f8a0cf417,0.5166,0.5063,0.0,0.010254,4.350748316855019e-05,235.68143920991187,1.79226253374815,109248,50,0.02
deepfool,lesion,b3e8a708-d8e1-434e-92ca-5d5e79aca86e,0.5205,0.5073,0.0,0.01318,5.957965550895166e-05,221.27677034694182,1.79226253374815,100342,50,0.02
deepfool,lesion,c60a0502-26cb-40a1-8343-43625a3c4e3f,0.5176,0.51,0.0,0.007812,3.5418601823358427e-05,220.57618306359853,1.79226253374815,92806,50,0.02
deepfool,lesion,be8c0087-ae1c-4b60-acb0-4b2e6157eadb,0.5083,0.5034,0.0,0.004883,1.6170711338557156e-05,301.9540945113405,1.79226253374815,98589,50,0.02
deepfool,lesion,42da1a6f-7984-4d82-b10a-603b8e3724c5,0.515,0.506,0.0,0.00928,3.8568767450836056e-05,240.54032220345704,1.79226253374815,82797,50,0.02
deepfool,lesion,85727853-cb45-478d-a517-a0f0c85d0eb5,0.5254,0.504,0.0,0.02148,8.869178950002685e-05,242.2363458920465,1.777664106265571,114315,50,0.02
deepfool,lesion,8c2aa2bb-ac88-4f14-a322-72d7e23749e8,0.522,0.507,0.0,0.01514,0.00012011196180433595,126.02174272581448,1.763065678782992,103185,50,0.02
deepfool,lesion,5df1e543-92ca-42f2-94a8-7446f944a1ba,0.5073,0.507,0.0,0.0004883,2.1102494303946755e-06,231.38556179473784,1.777664106265571,125278,50,0.02
deepfool,lesion,32e8b837-8656-47e1-87ec-b365c7670984,0.5103,0.5103,0.0,0.0,0.0,186.57356183026735,1.690073546570507,110298,50,0.02
deepfool,lesion,fb10f71b-fd9d-43cc-a310-c5b48b7d22c8,0.5137,0.504,0.0,0.009766,4.004708089673461e-05,243.85360383147943,1.79226253374815,97349,50,0.02
deepfool,lesion,9bc684ec-12a8-4c76-85a3-29a75d550968,0.5146,0.506,0.0,0.00879,5.9768499215960204e-05,147.0517515864835,1.7338688238178337,87118,50,0.02
deepfool,lesion,39919c47-0f93-417f-96fb-1aa8a6d6e7ab,0.5215,0.509,0.0,0.012695,4.55642845365978e-05,278.62420377406175,1.79226253374815,111385,50,0.02
deepfool,lesion,0d77cf1a-64d4-4f8a-938b-9b838d549090,0.5176,0.5034,0.0,0.01416,4.7713603472830974e-05,296.77398517146,1.79226253374815,120093,50,0.02
deepfool,lesion,9e6239f2-9352-4bad-a19a-22538ddd0e27,0.514,0.503,0.0,0.01123,5.4374647275524044e-05,206.53869610500416,1.79226253374815,88729,50,0.02
deepfool,lesion,9efa04ab-254a-4047-8f2f-91e5fe93062f,0.5225,0.509,0.0,0.01367,7.109941160347864e-05,192.29237895155927,1.79226253374815,119481,50,0.02
deepfool,lesion,342bd0cf-b337-40e9-8512-eb170292e2f2,0.5195,0.51,0.0,0.009766,3.8705141839598446e-05,252.30820856008168,1.748467253033883,113302,50,0.02
deepfool,lesion,67bc7433-4582-493a-af6b-82d0383d9c32,0.513,0.5083,0.0,0.004883,1.9184155167505487e-05,254.52319673053756,1.719270398068725,80453,50,0.02
deepfool,lesion,49f0fa25-89cd-41a7-9c70-4d7d8d9be572,0.522,0.5063,0.0,0.01563,9.240716059535093e-05,169.0886279635567,1.79226253374815,98479,50,0.02
deepfool,lesion,c1273696-fdec-48a9-988c-74e57b6323fa,0.5024,0.5034,0.0,-0.000977,-2.6552454498744163e-06,367.7861494950064,1.79226253374815,100289,50,0.02
deepfool,lesion,2fba3da2-e622-477e-a8fe-8fcc06550b25,0.514,0.505,0.0,0.00928,3.6529475405424786e-05,253.96871010791955,1.79226253374815,111289,50,0.02
deepfool,lesion,bf99f510-56e1-421b-ad0f-ad10f4cdd3a3,0.5205,0.504,0.0,0.0166,7.195708603903193e-05,230.71476922057664,1.79226253374815,96381,50,0.02
deepfool,lesion,3e3babaa-b242-4dac-a549-9c87dec28ead,0.511,0.506,0.0,0.00537,1.579209298987718e-05,340.11284972074196,1.79226253374815,113147,50,0.02
deepfool,lesion,b7fe2048-abe7-4f69-b82a-ed93c354a8aa,0.517,0.506,0.0,0.01123,5.4528992277195005e-05,205.95408571582004,1.7944702704799012,113224,50,0.02
deepfool,lesion,b829950f-6e68-4f84-9d7c-65a0aa3d0cab,0.515,0.5024,0.0,0.012695,7.075263236304038e-05,179.43236986789802,1.79226253374815,79382,50,0.02
deepfool,lesion,01a7353d-25bb-4ff8-916b-f50dd541dccf,0.5146,0.5063,0.0,0.0083,3.279722299495639e-05,253.09402722750445,1.79226253374815,112171,50,0.02
deepfool,lesion,453a9434-2ca7-4a28-b6f3-833b994e6e73,0.5186,0.5083,0.0,0.010254,4.519239423827547e-05,226.89451228197115,1.777664106265571,113431,50,0.02
deepfool,lesion,df6fce59-efa3-41a1-bdf7-1ff27cad394f,0.517,0.5166,0.0,0.0004883,2.25764299533965e-06,216.27921287172524,1.79226253374815,75802,50,0.02
deepfool,lesion,fdfce1ff-203e-4b23-a360-3803558a7f7a,0.5205,0.5117,0.0,0.00879,5.363804127128249e-05,163.85875194456875,1.79226253374815,88804,50,0.02
deepfool,lesion,3b1a0e72-4870-4927-8171-293f1a767bde,0.516,0.5044,0.0,0.01172,5.180423876196009e-05,226.212184167583,1.777664106265571,91774,50,0.02
deepfool,lesion,13932109-fbd1-4b6b-b81c-91682740cc50,0.518,0.5083,0.0,0.009766,5.539548469846138e-05,176.2891876947019,1.704671972319616,88666,50,0.02
deepfool,lesion,3817e718-4a42-4d67-a34a-ab1a4b9d52b3,0.503,0.503,0.0,0.0,0.0,178.2633039927147,1.777664106265571,66791,50,0.02
deepfool,lesion,bf3ef845-34ab-4b80-81e7-ac7a3b23485a,0.509,0.5005,0.0,0.0083,2.228048173612602e-05,372.5584279588597,1.79226253374815,113061,50,0.02
deepfool,lesion,b7b51f82-2aa9-4375-a84f-25c52eeb0b40,0.516,0.507,0.0,0.00928,3.0369030499978763e-05,305.4869910879373,1.79226253374815,106605,50,0.02
deepfool,lesion,dd033b96-06ce-4587-b781-e0e2dd4026ac,0.523,0.5063,0.0,0.0166,0.00013939579524249705,119.0965801351861,1.7338688238178337,88936,50,0.02
deepfool,lesion,8917b2df-a22a-4da0-935c-397926ad5a1a,0.513,0.508,0.0,0.00537,2.756095907339031e-05,194.8805096158682,1.777664106265571,91485,50,0.02
deepfool,lesion,a81ed846-615a-4432-8e34-67b1169ebea5,0.5283,0.5156,0.0,0.012695,5.3323159943245007e-05,238.08252385978514,1.79226253374815,97870,50,0.02
deepfool,lesion,3f25e62e-b79f-4cdd-8607-adc010808d4c,0.5103,0.5103,0.0,0.0,0.0,326.34861475526026,1.79226253374815,108233,50,0.02
deepfool,lesion,b435cc3a-cc81-4361-ac91-235b4150265e,0.514,0.505,0.0,0.00928,4.4341431878952964e-05,209.2251728560023,1.777664106265571,108094,50,0.02
deepfool,lesion,38b147a7-352b-4adb-88b5-2449d362acae,0.52,0.5073,0.0,0.012695,4.895561372226204e-05,259.3229158873232,1.79226253374815,97985,50,0.02
deepfool,lesion,b6271674-f13d-4087-ae03-d6ae35381dfc,0.5176,0.506,0.0,0.01172,4.2617679221070164e-05,274.9739125583375,1.79226253374815,103501,50,0.02
deepfool,lesion,059f1e59-573c-49d1-ac78-3323a2ff047f,0.506,0.5034,0.0,0.002441,8.221740797085524e-06,296.9451737986221,1.79226253374815,96825,50,0.02
deepfool,lesion,d20338e0-8ae9-4a30-9a0e-8225aae32073,0.516,0.507,0.0,0.00928,2.9951058155447582e-05,309.7501163915673,1.79226253374815,112036,50,0.02
deepfool,lesion,94399962-8f89-4dfa-a93f-7a3df88feca5,0.522,0.5083,0.0,0.01367,7.860897402750941e-05,173.92257268781302,1.485695565281341,114432,50,0.02
deepfool,lesion,d759f178-2451-47bc-80c0-2efe67588693,0.5176,0.517,0.0,0.0004883,3.394689878177547e-06,143.8367766979023,1.763065678782992,84459,50,0.02
deepfool,lesion,baf8fe18-a7ca-4e9c-b3dc-5c80d474545b,0.5195,0.51,0.0,0.009766,3.724918571048981e-05,262.17016059165536,1.79226253374815,104684,50,0.02
deepfool,lesion,9708b405-8887-4824-b354-f7c245eedfc3,0.522,0.5103,0.0,0.01172,4.11585666089899e-05,284.7220145180856,1.79226253374815,109788,50,0.02
deepfool,lesion,f7856767-112d-4ff6-8b20-1188c0c47a1a,0.5205,0.507,0.0,0.01367,5.846381807801708e-05,233.8519010368245,1.79226253374815,94438,50,0.02
deepfool,lesion,4fd86b92-7ee7-44b7-8b94-7bafbedfaedd,0.5205,0.504,0.0,0.0166,8.911759235996987e-05,186.28827439649243,1.79226253374815,80950,50,0.02
deepfool,lesion,b23184fc-0e6e-4802-a451-da82e2ac6e9a,0.5195,0.5146,0.0,0.004883,1.584387441909832e-05,308.1829842046579,1.79226253374815,87739,50,0.02
deepfool,lesion,1923df31-e23a-4ee4-86f8-35d124af2f61,0.521,0.51,0.0,0.01123,6.933538276006515e-05,161.97312688342174,1.748467253033883,80969,50,0.02
deepfool,lesion,b6d61fae-fa1f-4328-b065-033ee168cd98,0.5073,0.503,0.0,0.004395,1.9750761303501907e-05,222.49933469771216,1.79226253374815,95586,50,0.02
deepfool,lesion,6ccf77da-c917-4fc1-8bf7-f0e7bfd3acf4,0.5205,0.503,0.0,0.01758,0.00010955347944656501,160.45245744548205,1.79226253374815,97106,50,0.02
deepfool,lesion,b5017804-ddc0-44fa-8d64-15628c25e031,0.512,0.502,0.0,0.010254,3.30171395599105e-05,310.5631313416426,1.79226253374815,105609,50,0.02
deepfool,lesion,37f025d9-05c0-4e27-9a75-2e6a2085fa30,0.4976,0.5054,0.0,-0.007812,-3.035427585557356e-05,257.3772484927177,1.79226253374815,106711,50,0.02
deepfool,lesion,2456fcb4-82bd-4fa9-8ef2-8e1250c3ff50,0.517,0.5083,0.0,0.00879,3.9821483332731786e-05,220.7115798817444,1.763065678782992,97588,50,0.02
deepfool,lesion,b090dd7d-b4d9-4ebe-b36d-95f83510e955,0.5166,0.506,0.0,0.01074,6.043493987449395e-05,177.74796370616227,1.7338688238178337,96476,50,0.02
deepfool,lesion,67b8ef8a-5285-4eec-88c8-8f4fe53f0f6e,0.52,0.507,0.0,0.01318,5.282473255871825e-05,249.57237094986328,1.777664106265571,94264,50,0.02
deepfool,lesion,aafca7fa-b482-4e37-bbc4-96da4b744847,0.517,0.506,0.0,0.01123,4.7861818530079845e-05,234.64358635816018,1.777664106265571,121812,50,0.02
deepfool,lesion,0808c4af-9ed6-46e3-a936-2cafb0004e6a,0.5234,0.5093,0.0,0.01416,5.43611760649724e-05,260.4828900782461,1.79226253374815,100621,50,0.02
deepfool,lesion,01f3abc2-33c7-4ea2-a599-dc49b76fcfae,0.525,0.505,0.0,0.02002,8.144307799859757e-05,245.8101012529303,1.79226253374815,97356,50,0.02
deepfool,lesion,eb3d5fed-558d-4aba-b13e-f7917c49c79b,0.5234,0.5127,0.0,0.01074,6.712535815571853e-05,160.03173457054544,1.79226253374815,89038,50,0.02
deepfool,lesion,2278d9f3-e7bf-4e36-a194-aaf5bdb20762,0.5127,0.507,0.0,0.00586,2.5246687953731764e-05,232.08489804625825,1.763065678782992,88033,50,0.02
deepfool,lesion,ae06ef31-ae55-4e3c-9460-ae5c3733bedb,0.5166,0.5054,0.0,0.01123,4.8837408331583464e-05,229.9562800970503,1.79226253374815,93719,50,0.02
deepfool,lesion,6365ff26-72cf-4428-8610-66aab9c787c9,0.518,0.51,0.0,0.0083,3.655245459673782e-05,227.09230723934175,1.79226253374815,104217,50,0.02
deepfool,lesion,261341d3-1df2-4cf4-b9a8-b1e02a124900,0.5137,0.511,0.0,0.002441,1.2524852593330087e-05,194.9249487514834,1.777664106265571,98135,50,0.02
deepfool,lesion,361c09b7-beb1-4be9-bb4b-c6400c293a19,0.5195,0.5044,0.0,0.01514,4.410975852054476e-05,343.16031774485356,1.79226253374815,124610,50,0.02
deepfool,lesion,1d1c3fb7-71d6-4104-8a93-320e4959bbdb,0.523,0.5107,0.0,0.01221,3.995103143856315e-05,305.5498396423759,1.748467253033883,105757,50,0.02
deepfool,lesion,3fa13d7f-8b18-443d-8dfe-2b098bfec24a,0.524,0.504,0.0,0.02002,8.699230770695719e-05,230.1299020203946,1.79226253374815,90777,50,0.02
deepfool,lesion,755c7169-e84a-4327-a4d6-b0ff906a88f8,0.5234,0.5117,0.0,0.01172,5.475409738056598e-05,214.02507867131467,1.79226253374815,110398,50,0.02
deepfool,lesion,5b684669-0ee0-44ff-851b-e2f6146c7e30,0.511,0.507,0.0,0.004395,2.484792637967472e-05,176.85706173639463,1.704671972319616,82606,50,0.02
deepfool,lesion,ada5d3a7-098d-4691-ba53-e633cfd3b86f,0.514,0.505,0.0,0.00928,4.1604074671059195e-05,222.99122917490348,1.79226253374815,102251,50,0.02
deepfool,lesion,339907f7-5f76-40b4-8476-9c3460417d16,0.522,0.507,0.0,0.01514,0.00010093823746597076,149.96020466568626,1.79226253374815,91672,50,0.02
deepfool,lesion,48ea9943-604a-4f7f-bf84-22ef754c5e2b,0.522,0.505,0.0,0.01709,6.2569321954084e-05,273.1345524555237,1.777664106265571,110043,50,0.02
deepfool,lesion,6f0d2ff9-c0dc-48c3-a944-1f18dc185e1f,0.5137,0.5054,0.0,0.0083,4.194236548931041e-05,197.90922979048818,1.79226253374815,64179,50,0.02
deepfool,lesion,a0c22f32-1156-4c62-894a-19ce51aee219,0.517,0.5093,0.0,0.007812,3.734372638746508e-05,209.20515319137868,1.763065678782992,114211,50,0.02
deepfool,lesion,f655a822-225d-4fe0-a69f-0886f91c5f2b,0.524,0.515,0.0,0.00879,2.640274809925113e-05,332.8843825914189,1.79226253374815,117279,50,0.02
deepfool,lesion,3bf6bb05-9ec6-4c32-a8c4-fdd7704c188c,0.522,0.515,0.0,0.006836,3.205363507653895e-05,213.2655932269878,1.763065678782992,97569,50,0.02
deepfool,lesion,ec4cf99b-0d23-4aa5-abac-3f8ae0257eb9,0.5195,0.5127,0.0,0.006836,4.119016877338028e-05,165.96041490380875,1.719270398068725,105722,50,0.02
deepfool,lesion,fd45f813-2237-4639-b340-2e1b97737da6,0.523,0.5034,0.0,0.01953,6.61593038139402e-05,295.2154704388387,1.79226253374815,113372,50,0.02
deepfool,lesion,04e9f692-f3d6-496b-ae0c-905137cc1f84,0.5225,0.5195,0.0,0.00293,1.2425117360032725e-05,235.7875112954291,1.79226253374815,106247,50,0.02
deepfool,lesion,b4198862-dc25-4cff-acd5-b0b954bd3a03,0.5127,0.5015,0.0,0.01123,6.537026572756749e-05,171.79781395029977,1.79226253374815,114213,50,0.02
deepfool,lesion,3f350a20-291b-4a3c-8e7b-72b885f19ec9,0.5254,0.507,0.0,0.01855,9.091890530270788e-05,204.07953040475277,1.79226253374815,106958,50,0.02
deepfool,lesion,17477206-a644-49de-83a8-b32d5ba9ba5b,0.5176,0.506,0.0,0.01172,4.041340875661596e-05,289.9718276716122,1.79226253374815,119127,50,0.02
deepfool,lesion,a7cc220e-bef4-4d27-a921-7773ebef1282,0.5156,0.514,0.0,0.001465,5.424192619864528e-06,270.05747262388763,1.748467253033883,105757,50,0.02
deepfool,lesion,a4a95682-8ee5-42a1-a957-a4e8a924da2f,0.519,0.5156,0.0,0.003418,1.9706785226240255e-05,173.44121380344626,1.748467253033883,87877,50,0.02
deepfool,lesion,b9a014f0-6ab0-449a-be4d-1911473dde10,0.513,0.5093,0.0,0.003906,1.7308448953418083e-05,225.68457811209635,1.79226253374815,101995,50,0.02
deepfool,lesion,35dd41bb-baee-48e7-a450-95532043dc36,0.5195,0.507,0.0,0.012695,5.960269386968022e-05,212.9989716096046,1.763065678782992,100696,50,0.02
deepfool,lesion,26950e98-3b48-4d7c-b2d0-daa4249be551,0.5195,0.505,0.0,0.01465,5.593139015864167e-05,261.90011472792673,1.79226253374815,117029,50,0.02
deepfool,lesion,e6dc5d04-2f76-425f-99d7-cae3aa095122,0.516,0.5054,0.0,0.01074,3.7558795448901566e-05,286.0099045039682,1.79226253374815,100815,50,0.02
deepfool,lesion,abc07cd4-2d0f-4ad8-a516-b45d035dadb1,0.5146,0.5073,0.0,0.007324,4.699732603368788e-05,155.84330785713203,1.79226253374815,72471,50,0.02
deepfool,lesion,b489923b-d8be-4e8d-8620-bea0343a2f67,0.5137,0.5073,0.0,0.006348,2.006124323951708e-05,316.4139018710283,1.79226253374815,105446,50,0.02
deepfool,lesion,073102b7-565c-460a-9b69-13e2f34c4ee9,0.518,0.5024,0.0,0.01563,6.584232092960576e-05,237.30937455936265,1.79226253374815,118535,50,0.02
deepfool,lesion,5bfdc9ee-e21d-46e5-bbfc-20cea10c3175,0.5146,0.503,0.0,0.01172,5.9099839425280524e-05,198.28734076722708,1.719270398068725,101576,50,0.02
deepfool,lesion,c7024796-39ed-4eda-906d-65a1fb5d5c52,0.518,0.509,0.0,0.00928,4.227097398782715e-05,219.47314845995513,1.690073546570507,113264,50,0.02
deepfool,lesion,baf86877-7802-4dff-8870-cf2f38bc082a,0.522,0.505,0.0,0.01709,7.886492251512269e-05,216.69765472646344,1.79226253374815,104681,50,0.02
deepfool,lesion,fc0912c2-0cfc-420e-8c77-0fae34451d7e,0.516,0.5107,0.0,0.00537,2.7666255571243892e-05,194.13880334807627,1.777664106265571,99366,50,0.02
deepfool,lesion,b539db75-809d-4c0c-8b9f-b0e934ed740e,0.512,0.5073,0.0,0.004883,2.1870587568524602e-05,223.259319599098,1.79226253374815,106946,50,0.02
deepfool,lesion,b3db4730-7c2d-4b91-b09b-2346fef7dc58,0.516,0.5093,0.0,0.006836,4.017495239657772e-05,170.15421529610987,1.763065678782992,89366,50,0.02
deepfool,lesion,86459db9-dc9d-42f5-818d-9525684d5406,0.5176,0.504,0.0,0.01367,3.7336950712157236e-05,366.1754572575459,1.79226253374815,128936,50,0.02
deepfool,lesion,43605721-d0e0-4d58-b212-b05a295b21be,0.5176,0.506,0.0,0.01172,3.1357972292410244e-05,373.7087937450209,1.79226253374815,121345,50,0.02
deepfool,lesion,bd7e6f9f-2933-496e-b180-4799292c6afc,0.4968,0.5063,0.0,-0.00952,-5.2353646721188326e-05,181.868598861576,1.777664106265571,75848,50,0.02
deepfool,lesion,8eb51db4-ac8d-4a83-b071-53fce028dd27,0.516,0.503,0.0,0.01318,5.9419901585081374e-05,221.87168604661272,1.79226253374815,102100,50,0.02
deepfool,lesion,0927e819-9640-487d-a04e-f5d4732dbe0a,0.517,0.5044,0.0,0.012695,6.18235503911598e-05,205.34751593944497,1.79226253374815,76873,50,0.02
deepfool,lesion,0a6a5956-58cf-4f17-9e39-7e0d17310f67,0.5156,0.5034,0.0,0.01221,3.5544190243383476e-05,343.4325319006778,1.79226253374815,120219,50,0.02
deepfool,lesion,0ff5bf5b-6af7-4537-90d0-1c47058d0627,0.519,0.507,0.0,0.01221,5.433087978696952e-05,224.67943271524885,1.79226253374815,105786,50,0.02
deepfool,lesion,7e2b8ceb-9db2-4159-9e63-96d734dd1218,0.521,0.508,0.0,0.01318,3.512204872183517e-05,375.36516887332425,1.79226253374815,103137,50,0.02
deepfool,lesion,3f9d98ed-1a89-436c-a528-8d34b10a8530,0.5093,0.5015,0.0,0.007812,4.303313692841565e-05,181.54614228020446,1.777664106265571,114132,50,0.02
deepfool,lesion,6d2371e4-f8cd-4f6f-bf9e-1e8773b3960a,0.5215,0.5044,0.0,0.01709,7.355387495549227e-05,232.34457409083598,1.79226253374815,86993,50,0.02
deepfool,lesion,70764772-7dbc-4ab1-a5ed-08108fa547d8,0.52,0.5137,0.0,0.006348,2.591052602480035e-05,244.98368900983382,1.79226253374815,104584,50,0.02
deepfool,lesion,59a7bb86-70cd-4b0f-9f17-330e2a76f4aa,0.514,0.5005,0.0,0.01367,4.833267697354602e-05,282.8702206376799,1.777664106265571,105984,50,0.02
deepfool,lesion,6821b958-8b00-40f0-8ec2-8912d21acfaa,0.5146,0.5107,0.0,0.003906,2.061510023695475e-05,189.48488995418427,1.777664106265571,100177,50,0.02
deepfool,lesion,53d4697b-98ba-4dbc-892e-a602baec576b,0.514,0.504,0.0,0.010254,4.0484928976840807e-05,253.2771208629474,1.763065678782992,115419,50,0.02
deepfool,lesion,1f45c8c0-4475-45e9-85e5-0cf139d0572b,0.517,0.506,0.0,0.01123,4.802981137453717e-05,233.8228785023606,1.777664106265571,104221,50,0.02
deepfool,lesion,c3c1ef6e-055c-4f54-a7f5-d0f6eed1d2da,0.521,0.507,0.0,0.01416,5.347055506171887e-05,264.82156830279405,1.79226253374815,97592,50,0.02
deepfool,lesion,3185ee2b-a09e-40fd-8f57-4d2802c0248d,0.518,0.5137,0.0,0.004395,2.2880994108939923e-05,192.06032870985206,1.690073546570507,98608,50,0.02
deepfool,lesion,c8f8c1af-28f3-420d-85d6-9501a8002097,0.514,0.503,0.0,0.01123,3.939055757210186e-05,285.10560504378367,1.79226253374815,103832,50,0.02
deepfool,lesion,6735932c-c8ca-45d5-be56-1ff682a3182e,0.5195,0.511,0.0,0.0083,3.230876919389248e-05,256.92037972297805,1.763065678782992,104346,50,0.02
deepfool,lesion,d4a31817-cd95-46ad-b41d-9350faa087c8,0.517,0.5044,0.0,0.012695,9.47302702762765e-05,134.01537293229924,1.79226253374815,91852,50,0.02
deepfool,lesion,8502b7bb-f681-47a1-aa45-06f6b692841a,0.5176,0.503,0.0,0.01465,4.996570940552901e-05,293.1698093308649,1.79226253374815,107335,50,0.02
deepfool,random_patch,7f9623a6-510f-4e84-8e58-12b65a5e9dfc,0.521,0.518,0.0,0.00293,4.364339519544509e-05,67.12785488946854,1.4564987137831231,72630,50,0.02
deepfool,random_patch,051e6e97-fda7-4b5c-8d5f-084bf3607d22,0.5,0.4983,1.0,0.001709,5.8228690362981e-06,293.49524509111427,1.79226253374815,102114,50,0.02
deepfool,random_patch,5acc56a4-1b6e-4394-9364-9772047d583f,0.5107,0.507,0.0,0.003906,3.445908671928081e-05,113.35906930666724,1.79226253374815,72366,50,0.02
deepfool,random_patch,ad4d16e5-a851-4327-b9fe-5977da445669,0.512,0.5054,0.0,0.006836,2.513424179529511e-05,271.97707237097876,1.79226253374815,106015,50,0.02
deepfool,random_patch,96f34fa9-0e56-4fdb-bfd7-781d8c453bcb,0.515,0.512,0.0,0.00293,1.2297506762384613e-05,238.23426622039347,1.79226253374815,94376,50,0.02
deepfool,random_patch,33a39200-fa81-4530-ae1e-274ca204f3ea,0.5103,0.51,0.0,0.0004883,2.2067891501595543e-06,221.26320946549362,1.79226253374815,84970,50,0.02
deepfool,random_patch,72848196-fd24-4106-9c33-9c29b7a66a04,0.5195,0.5146,0.0,0.004883,2.2017220341144567e-05,221.7724319475105,1.690073546570507,97542,50,0.02
deepfool,random_patch,abcb43a2-7b1d-428a-b909-e54c92acbd5b,0.516,0.5083,0.0,0.007812,3.905015160182541e-05,200.06324378121752,1.79226253374815,103255,50,0.02
deepfool,random_patch,9954f203-ec80-45ce-85a6-fb155368370f,0.5083,0.5,0.0,0.0083,5.0877135776742145e-05,163.15347007576295,1.79226253374815,93311,50,0.02
deepfool,random_patch,bf7b0977-4f77-45a7-8c03-77602f82b905,0.517,0.513,0.0,0.003906,1.2042464774857766e-05,324.3729645807257,1.79226253374815,109327,50,0.02
deepfool,random_patch,c34a3ea0-04d7-4df6-afab-0d7c7280b749,0.5103,0.5107,0.0,-0.0004883,-2.891504144276071e-06,168.86756013740145,1.777664106265571,89476,50,0.02
deepfool,random_patch,e2bc24a7-e469-48e2-9d5a-6ffc8557d59e,0.5186,0.5005,0.0,0.01807,6.548891448642209e-05,275.869685595275,1.79226253374815,100576,50,0.02
deepfool,random_patch,175c8be2-76a4-469b-9595-ed33ecedb3cb,0.5225,0.5083,0.0,0.01416,4.646754950953036e-05,304.7321496183292,1.79226253374815,114336,50,0.02
deepfool,random_patch,bcaf0768-3841-4280-8de4-57e822f38c7a,0.5205,0.5195,0.0,0.000977,3.2493403957303966e-06,300.54176572288355,1.79226253374815,108540,50,0.02
deepfool,random_patch,6e73017c-4e3a-499b-a597-4a797bb179de,0.5244,0.5156,0.0,0.00879,3.214299642437902e-05,273.43631513496547,1.79226253374815,104085,50,0.02
deepfool,random_patch,dc995045-8ec6-4cef-ba20-350c66732a9b,0.521,0.515,0.0,0.00586,2.168008984351007e-05,270.2652545297086,1.79226253374815,106863,50,0.02
deepfool,random_patch,0983ae59-b906-4fd5-a810-edfe0580fe3b,0.5156,0.513,0.0,0.002441,8.50869791274384e-06,286.9306531917551,1.79226253374815,105726,50,0.02
deepfool,random_patch,e15ecf55-b05a-4f6f-bb25-d51d4a438963,0.505,0.5024,0.0,0.002441,8.729344209287543e-06,279.67808249732946,1.7338688238178337,94728,50,0.02
deepfool,random_patch,747b1c03-c554-41ea-9d57-7b54894985f3,0.5103,0.5034,0.0,0.006836,3.5390870972481534e-05,193.1553904101832,1.777664106265571,122699,50,0.02
deepfool,random_patch,87e4af8b-1110-481d-86de-f315ca03936d,0.5186,0.5205,0.0,-0.001953,-8.599903054742874e-06,227.11011827474567,1.763065678782992,83643,50,0.02
deepfool,random_patch,878ae8b8-f206-4d82-8099-3a56f89bb9c4,0.5117,0.5073,0.0,0.004395,1.9086846706275754e-05,230.23872499401432,1.79226253374815,69975,50,0.02
deepfool,random_patch,72a10e64-2d93-4b61-8b90-8efef7284ced,0.5195,0.5186,0.0,0.000977,5.248205836517617e-06,186.07549520113793,1.748467253033883,88188,50,0.02
deepfool,random_patch,04e6f392-a196-447f-9b75-f5af995a36d0,0.5186,0.5146,0.0,0.003906,3.48170964967708e-05,112.19344496500804,1.690073546570507,63686,50,0.02
deepfool,random_patch,5a8415b5-f658-4d37-8144-1aa22420f84f,0.518,0.516,0.0,0.001953,1.1838394429980182e-05,164.98225426037655,1.79226253374815,69368,50,0.02
deepfool,random_patch,2c376b9a-167a-43d3-bcc2-b4af32fb9f74,0.507,0.4993,1.0,0.00757,3.41194450180799e-05,221.81953342583182,1.704671972319616,83852,50,0.02
deepfool,random_patch,e6295ee0-bb33-49e3-9376-8b78f5a3fc52,0.5166,0.514,0.0,0.002441,1.1553739141314892e-05,211.30875641412607,1.79226253374815,96382,50,0.02
deepfool,random_patch,780579a3-2dcc-4343-9c92-de8be54e2865,0.5146,0.51,0.0,0.004883,1.7461168668316836e-05,279.6383559758641,1.79226253374815,105957,50,0.02
deepfool,random_patch,228b3dc1-f78a-4ac9-b213-2a416583d063,0.521,0.517,0.0,0.003906,1.6050585342457295e-05,243.37118656393247,1.79226253374815,100806,50,0.02
deepfool,random_patch,3a010152-9ce2-4780-bdd8-bac6fa101991,0.504,0.5044,0.0,-0.0004883,-1.9833652678158764e-06,246.18826290019283,1.7925349698574162,108246,50,0.02
deepfool,random_patch,9b6f8882-b59f-4a4d-8f48-b3f355fd70b9,0.516,0.509,0.0,0.007324,2.8780525503268673e-05,254.48523338742947,1.79226253374815,113227,50,0.02
deepfool,random_patch,d99282ee-dc00-40d4-bb8d-5f8dba263a05,0.515,0.511,0.0,0.003906,1.3691936388419359e-05,285.2956579002943,1.79226253374815,102205,50,0.02
deepfool,random_patch,1748e4e2-5c73-4794-81fe-2c5fe4af8cdd,0.52,0.511,0.0,0.00879,3.396188596749805e-05,258.7919442421903,1.79226253374815,103234,50,0.02
deepfool,random_patch,095edab1-09c6-4f83-931e-f0a33b77639c,0.4946,0.5005,0.0,-0.00586,-2.4445224983807453e-05,239.69405082738263,1.79226253374815,100838,50,0.02
deepfool,random_patch,fd147f16-7eeb-474f-98df-c3b0c39c163c,0.5195,0.5093,0.0,0.010254,3.704095621212763e-05,276.8261756231969,1.79226253374815,118863,50,0.02
deepfool,random_patch,f1ba6a94-27b8-4537-8a11-6c4dbc3fe428,0.5176,0.514,0.0,0.003418,1.3567087287415062e-05,251.9309176284923,1.7944921873174908,114153,50,0.02
deepfool,random_patch,bc7b5348-574e-49a2-a20a-719d942a9c31,0.5166,0.5146,0.0,0.001953,7.625054162068995e-06,256.1457215136404,1.777664106265571,111599,50,0.02
deepfool,random_patch,35ffa64a-fc84-4582-95ad-40d4eab93197,0.5137,0.5,0.0,0.01367,4.379349781563967e-05,312.18960990778686,1.79226253374815,108968,50,0.02
deepfool,random_patch,0c89ca38-27ca-4cd0-88cb-18093fdcb04b,0.512,0.51,0.0,0.002441,1.065894495673435e-05,229.0476458789595,1.79226253374815,95085,50,0.02
deepfool,random_patch,e5e4f0cf-58ec-4442-a54c-96d5d29d8f0b,0.516,0.508,0.0,0.0083,1.7142806651258074e-05,484.2136657487994,1.79226253374815,129689,50,0.02
deepfool,random_patch,ae9439c0-31a2-4b2a-946e-f9f497109c42,0.511,0.513,0.0,-0.001953,-1.0005542221816373e-05,195.20431342954052,1.777664106265571,97247,50,0.02
deepfool,random_patch,975aac17-f7e4-4b6c-a669-e73b0bb5caef,0.515,0.506,0.0,0.00928,3.705554538643703e-05,250.3631683970603,1.79226253374815,89289,50,0.02
deepfool,random_patch,bee78c8a-8a21-49b3-b1d5-93c93ccf300c,0.508,0.5024,0.0,0.00537,2.199630263565482e-05,244.1816626524216,1.79226253374815,82412,50,0.02
deepfool,random_patch,be9e9eea-96d0-43a3-801e-b39bfd209ca7,0.5205,0.5146,0.0,0.00586,2.147732818578378e-05,272.81675584133643,1.79226253374815,103705,50,0.02
deepfool,random_patch,32c41ed0-6704-465c-94d3-3073b9b4415e,0.5146,0.516,0.0,-0.001465,-9.496773931801111e-06,154.24645889482778,1.719270398068725,84038,50,0.02
deepfool,random_patch,0ca3f31a-ace5-4bd2-9900-b152cc212c8e,0.5156,0.51,0.0,0.00586,1.8365374082082007e-05,319.04468559303604,1.79226253374815,109089,50,0.02
deepfool,random_patch,32c3e235-1885-4aad-b4ad-2ef8583fbb78,0.508,0.5127,0.0,-0.004883,-2.337356692316182e-05,208.90318177871632,1.719270398068725,73148,50,0.02
deepfool,random_patch,e7f182ac-e84e-4e0a-89f9-be61ea3c66c2,0.5107,0.506,0.0,0.004883,2.4744439082787065e-05,197.32969025550386,1.719270398068725,104882,50,0.02
deepfool,random_patch,f42223b1-1a5b-45c2-a1d2-25c6df776484,0.5234,0.5093,0.0,0.01416,7.594148144605572e-05,186.46141712812266,1.777664106265571,83521,50,0.02
deepfool,random_patch,3b75d0e1-a430-4d1e-a89e-672d25ca6953,0.5176,0.516,0.0,0.001465,8.883414153323824e-06,164.89648288694036,1.79226253374815,94749,50,0.02
deepfool,random_patch,963b58ae-2175-4aa5-90be-c37d44809c91,0.5103,0.507,0.0,0.003418,1.566541206004331e-05,218.18569066314723,1.748467253033883,104624,50,0.02
deepfool,random_patch,4206173d-0db2-4f32-80fb-0bd99d5532e1,0.5244,0.5127,0.0,0.01172,6.0912202987425793e-05,192.38755823377457,1.79226253374815,75020,50,0.02
deepfool,random_patch,b97b78b8-bcb0-4694-aa55-d3ca9c4396df,0.5244,0.5103,0.0,0.01416,5.5898257808296025e-05,253.32017140862422,1.79226253374815,111048,50,0.02
deepfool,random_patch,9a4b8ac5-0371-4bc0-a609-32ad46806f7c,0.5195,0.512,0.0,0.007324,3.189176393493377e-05,229.65862799637247,1.79226253374815,103173,50,0.02
deepfool,random_patch,3ef164d4-0e03-4695-bc05-bad84b526960,0.499,0.5,0.0,-0.000977,-6.608539285801579e-06,147.77282205646492,1.79226253374815,79614,50,0.02
deepfool,random_patch,bc6dd946-0b3f-445f-8d78-3cc39a0b14ae,0.523,0.5137,0.0,0.00928,3.576938200132211e-05,259.36550285658825,1.79226253374815,100969,50,0.02
deepfool,random_patch,78228039-bc86-44ce-8a13-57cf49ccf493,0.506,0.5093,0.0,-0.003418,-1.5908031752699026e-05,214.8580542819832,1.777664106265571,98576,50,0.02
deepfool,random_patch,c60a0502-26cb-40a1-8343-43625a3c4e3f,0.5176,0.5205,0.0,-0.00293,-1.328207820011925e-05,220.57448056892753,1.79226253374815,91313,50,0.02
deepfool,random_patch,be8c0087-ae1c-4b60-acb0-4b2e6157eadb,0.5083,0.5083,0.0,0.0,0.0,301.95649075981396,1.79226253374815,106429,50,0.02
deepfool,random_patch,42da1a6f-7984-4d82-b10a-603b8e3724c5,0.515,0.51,0.0,0.00537,2.232928496025599e-05,240.54033791663034,1.79226253374815,81661,50,0.02
deepfool,random_patch,32e8b837-8656-47e1-87ec-b365c7670984,0.5103,0.5103,0.0,0.0,0.0,186.57838503246447,1.690073546570507,109172,50,0.02
deepfool,random_patch,fb10f71b-fd9d-43cc-a310-c5b48b7d22c8,0.5137,0.5137,0.0,0.0,0.0,243.85218011311616,1.79226253374815,108940,50,0.02
deepfool,random_patch,9bc684ec-12a8-4c76-85a3-29a75d550968,0.5146,0.5117,0.0,0.00293,1.9923388270365426e-05,147.04765374464245,1.7338688238178337,92332,50,0.02
deepfool,random_patch,39919c47-0f93-417f-96fb-1aa8a6d6e7ab,0.5215,0.5234,0.0,-0.001953,-7.008745691260882e-06,278.66969154912266,1.79226253374815,95440,50,0.02
deepfool,random_patch,9e6239f2-9352-4bad-a19a-22538ddd0e27,0.514,0.504,0.0,0.010254,4.9646144807349073e-05,206.539828808332,1.79226253374815,85508,50,0.02
deepfool,random_patch,9efa04ab-254a-4047-8f2f-91e5fe93062f,0.5225,0.5195,0.0,0.00293,1.5234380571337402e-05,192.30762196919855,1.79226253374815,116186,50,0.02
deepfool,random_patch,342bd0cf-b337-40e9-8512-eb170292e2f2,0.5195,0.511,0.0,0.0083,3.289942074718662e-05,252.30782369871488,1.748467253033883,111498,50,0.02
deepfool,random_patch,67bc7433-4582-493a-af6b-82d0383d9c32,0.513,0.5117,0.0,0.001465,5.755253380644881e-06,254.52289465981954,1.719270398068725,80014,50,0.02
deepfool,random_patch,49f0fa25-89cd-41a7-9c70-4d7d8d9be572,0.522,0.5215,0.0,0.0004883,2.8875749675851384e-06,169.0973413512692,1.79226253374815,89965,50,0.02
deepfool,random_patch,c1273696-fdec-48a9-988c-74e57b6323fa,0.5024,0.503,0.0,-0.0004883,-1.327626192360395e-06,367.78518893078285,1.79226253374815,103508,50,0.02
deepfool,random_patch,2fba3da2-e622-477e-a8fe-8fcc06550b25,0.514,0.504,0.0,0.010254,4.037584284529903e-05,253.96141670365415,1.79226253374815,132184,50,0.02
deepfool,random_patch,bf99f510-56e1-421b-ad0f-ad10f4cdd3a3,0.5205,0.5127,0.0,0.007812,3.386204718070785e-05,230.7155252005076,1.79226253374815,90454,50,0.02
deepfool,random_patch,3e3babaa-b242-4dac-a549-9c87dec28ead,0.511,0.511,0.0,0.0,0.0,340.1043671705318,1.79226253374815,111850,50,0.02
deepfool,random_patch,b829950f-6e68-4f84-9d7c-65a0aa3d0cab,0.515,0.5034,0.0,0.01172,6.531401297665841e-05,179.42168097273165,1.79226253374815,100073,50,0.02
deepfool,random_patch,01a7353d-25bb-4ff8-916b-f50dd541dccf,0.5146,0.509,0.0,0.00586,2.315107674948317e-05,253.0929797854562,1.79226253374815,110874,50,0.02
deepfool,random_patch,453a9434-2ca7-4a28-b6f3-833b994e6e73,0.5186,0.511,0.0,0.007324,3.2280603404551744e-05,226.89225036742772,1.777664106265571,108259,50,0.02
deepfool,random_patch,df6fce59-efa3-41a1-bdf7-1ff27cad394f,0.517,0.5215,0.0,-0.004395,-2.0318994208680746e-05,216.27700685693213,1.79226253374815,75613,50,0.02
deepfool,random_patch,fdfce1ff-203e-4b23-a360-3803558a7f7a,0.5205,0.5146,0.0,0.00586,3.575819106793581e-05,163.86105741507964,1.79226253374815,86918,50,0.02
deepfool,random_patch,13932109-fbd1-4b6b-b81c-91682740cc50,0.518,0.509,0.0,0.00928,5.262169392427288e-05,176.3026435983736,1.7081648900890904,100539,50,0.02
deepfool,random_patch,3817e718-4a42-4d67-a34a-ab1a4b9d52b3,0.503,0.5044,0.0,-0.001465,-8.217346025285708e-06,178.26239097274663,1.777664106265571,67791,50,0.02
deepfool,random_patch,bf3ef845-34ab-4b80-81e7-ac7a3b23485a,0.509,0.5015,0.0,0.007324,1.9659254894913982e-05,372.55830848900814,1.79226253374815,114630,50,0.02
deepfool,random_patch,b7b51f82-2aa9-4375-a84f-25c52eeb0b40,0.516,0.5083,0.0,0.007812,2.5573880525591758e-05,305.4874676499055,1.79226253374815,115311,50,0.02
deepfool,random_patch,dd033b96-06ce-4587-b781-e0e2dd4026ac,0.523,0.516,0.0,0.006836,5.73985073898866e-05,119.09608472903395,1.7338688238178337,85073,50,0.02
deepfool,random_patch,8917b2df-a22a-4da0-935c-397926ad5a1a,0.513,0.5146,0.0,-0.001465,-7.516956445274626e-06,194.87192197923045,1.777664106265571,89164,50,0.02
deepfool,random_patch,a81ed846-615a-4432-8e34-67b1169ebea5,0.5283,0.5215,0.0,0.006836,2.8713046627630225e-05,238.07774871004904,1.79226253374815,99014,50,0.02
deepfool,random_patch,3f25e62e-b79f-4cdd-8607-adc010808d4c,0.5103,0.5103,0.0,0.0,0.0,326.34001576400493,1.79226253374815,108035,50,0.02
deepfool,random_patch,b435cc3a-cc81-4361-ac91-235b4150265e,0.514,0.51,0.0,0.004395,2.1003879400196813e-05,209.22474206116337,1.777664106265571,100389,50,0.02
deepfool,random_patch,38b147a7-352b-4adb-88b5-2449d362acae,0.52,0.516,0.0,0.003906,1.5062875587763398e-05,259.32963311618164,1.79226253374815,105092,50,0.02
deepfool,random_patch,b6271674-f13d-4087-ae03-d6ae35381dfc,0.5176,0.506,0.0,0.01172,4.261787396113048e-05,274.97265607997895,1.79226253374815,105886,50,0.02
deepfool,random_patch,059f1e59-573c-49d1-ac78-3323a2ff047f,0.506,0.505,0.0,0.000977,3.2886965014481527e-06,296.94515730992237,1.79226253374815,95993,50,0.02
deepfool,random_patch,d20338e0-8ae9-4a30-9a0e-8225aae32073,0.516,0.5117,0.0,0.004395,1.4187761721114515e-05,309.7409821394231,1.79226253374815,108341,50,0.02
deepfool,random_patch,d759f178-2451-47bc-80c0-2efe67588693,0.5176,0.521,0.0,-0.003418,-2.3762325342769588e-05,143.83982629891892,1.763065678782992,81969,50,0.02
deepfool,random_patch,baf8fe18-a7ca-4e9c-b3dc-5c80d474545b,0.5195,0.5103,0.0,0.00928,3.538794124276119e-05,262.16116066214664,1.79226253374815,102473,50,0.02
deepfool,random_patch,9708b405-8887-4824-b354-f7c245eedfc3,0.522,0.5127,0.0,0.00928,3.258428405284007e-05,284.71835485566044,1.79226253374815,110338,50,0.02
deepfool,random_patch,f7856767-112d-4ff6-8b20-1188c0c47a1a,0.5205,0.513,0.0,0.007324,3.132022132878446e-05,233.84952081917652,1.79226253374815,90387,50,0.02
deepfool,random_patch,b23184fc-0e6e-4802-a451-da82e2ac6e9a,0.5195,0.5127,0.0,0.006836,2.218212205554685e-05,308.17328850053764,1.79226253374815,95381,50,0.02
deepfool,random_patch,1923df31-e23a-4ee4-86f8-35d124af2f61,0.521,0.5215,0.0,-0.0004883,-3.0147237169259537e-06,161.96550523964504,1.748467253033883,81716,50,0.02
deepfool,random_patch,b6d61fae-fa1f-4328-b065-033ee168cd98,0.5073,0.5034,0.0,0.003906,1.755663266818583e-05,222.49426035454417,1.79226253374815,99379,50,0.02
deepfool,random_patch,b5017804-ddc0-44fa-8d64-15628c25e031,0.512,0.5054,0.0,0.006836,2.2011480490851927e-05,310.5623677889787,1.7935684240756569,105646,50,0.02
deepfool,random_patch,37f025d9-05c0-4e27-9a75-2e6a2085fa30,0.4976,0.5054,0.0,-0.007812,-3.035427585557356e-05,257.3772484927177,1.79226253374815,106711,50,0.02
deepfool,random_patch,2456fcb4-82bd-4fa9-8ef2-8e1250c3ff50,0.517,0.513,0.0,0.003906,1.7698502694834868e-05,220.71076108393143,1.763065678782992,97233,50,0.02
deepfool,random_patch,b090dd7d-b4d9-4ebe-b36d-95f83510e955,0.5166,0.5093,0.0,0.007324,4.12065853735121e-05,177.74388931279893,1.7338688238178337,97207,50,0.02
deepfool,random_patch,67b8ef8a-5285-4eec-88c8-8f4fe53f0f6e,0.52,0.5093,0.0,0.01074,4.30425005099854e-05,249.57164133801896,1.777664106265571,90578,50,0.02
deepfool,random_patch,0808c4af-9ed6-46e3-a936-2cafb0004e6a,0.5234,0.5146,0.0,0.00879,3.374207642137428e-05,260.4778197377045,1.79226253374815,110533,50,0.02
deepfool,random_patch,01f3abc2-33c7-4ea2-a599-dc49b76fcfae,0.525,0.5093,0.0,0.01563,6.3565816584238e-05,245.808216412322,1.79226253374815,118129,50,0.02
deepfool,random_patch,eb3d5fed-558d-4aba-b13e-f7917c49c79b,0.5234,0.5195,0.0,0.003906,2.4408155383382675e-05,160.03872223852417,1.79226253374815,85181,50,0.02
deepfool,random_patch,2278d9f3-e7bf-4e36-a194-aaf5bdb20762,0.5127,0.5117,0.0,0.000977,4.207687683557506e-06,232.0900630942887,1.763065678782992,86097,50,0.02
deepfool,random_patch,1d1c3fb7-71d6-4104-8a93-320e4959bbdb,0.523,0.52,0.0,0.00293,9.58840153619325e-06,305.5449324734109,1.748467253033883,109735,50,0.02
deepfool,random_patch,755c7169-e84a-4327-a4d6-b0ff906a88f8,0.5234,0.522,0.0,0.001465,6.844086082336079e-06,214.0305852832825,1.79226253374815,100107,50,0.02
deepfool,random_patch,5b684669-0ee0-44ff-851b-e2f6146c7e30,0.511,0.508,0.0,0.003418,1.932628880872139e-05,176.8559284007133,1.704671972319616,83790,50,0.02
deepfool,random_patch,6f0d2ff9-c0dc-48c3-a944-1f18dc185e1f,0.5137,0.5156,0.0,-0.001953,-9.868811247842255e-06,197.90884138435098,1.79226253374815,61500,50,0.02
deepfool,random_patch,f655a822-225d-4fe0-a69f-0886f91c5f2b,0.524,0.5137,0.0,0.010254,3.0803640704330956e-05,332.8796861421084,1.79226253374815,118085,50,0.02
deepfool,random_patch,ec4cf99b-0d23-4aa5-abac-3f8ae0257eb9,0.5195,0.5156,0.0,0.003906,2.3537792700463574e-05,165.95651297785832,1.719270398068725,103801,50,0.02
deepfool,random_patch,fd45f813-2237-4639-b340-2e1b97737da6,0.523,0.5044,0.0,0.01855,6.285214623000562e-05,295.2116771235008,1.79226253374815,116532,50,0.02
deepfool,random_patch,17477206-a644-49de-83a8-b32d5ba9ba5b,0.5176,0.51,0.0,0.007812,2.6942728218411493e-05,289.96692303758044,1.79226253374815,113553,50,0.02
deepfool,random_patch,a7cc220e-bef4-4d27-a921-7773ebef1282,0.5156,0.5146,0.0,0.000977,3.616126271959053e-06,270.0576325380312,1.748467253033883,105224,50,0.02
deepfool,random_patch,a4a95682-8ee5-42a1-a957-a4e8a924da2f,0.519,0.5107,0.0,0.0083,4.784640689732581e-05,173.4880796239158,1.748467253033883,96314,50,0.02
deepfool,random_patch,e6dc5d04-2f76-425f-99d7-cae3aa095122,0.516,0.5073,0.0,0.00879,3.0730345588069845e-05,286.00597655188074,1.7930002090242467,106751,50,0.02
deepfool,random_patch,b489923b-d8be-4e8d-8620-bea0343a2f67,0.5137,0.5083,0.0,0.00537,1.697498587514834e-05,316.41226622130034,1.79226253374815,104173,50,0.02
deepfool,random_patch,c7024796-39ed-4eda-906d-65a1fb5d5c52,0.518,0.5127,0.0,0.00537,2.4472123491890483e-05,219.47804208879296,1.690073546570507,108957,50,0.02
deepfool,random_patch,fc0912c2-0cfc-420e-8c77-0fae34451d7e,0.516,0.515,0.0,0.000977,5.030149620089449e-06,194.14183944936667,1.777664106265571,91703,50,0.02
deepfool,random_patch,b3db4730-7c2d-4b91-b09b-2346fef7dc58,0.516,0.513,0.0,0.00293,1.7216689021754405e-05,170.16555832111402,1.763065678782992,102092,50,0.02
deepfool,random_patch,43605721-d0e0-4d58-b212-b05a295b21be,0.5176,0.51,0.0,0.007812,2.09055774308402e-05,373.70410004871883,1.79226253374815,119313,50,0.02
deepfool,random_patch,bd7e6f9f-2933-496e-b180-4799292c6afc,0.4968,0.5063,0.0,-0.00952,-5.2353646721188326e-05,181.868598861576,1.777664106265571,75848,50,0.02
deepfool,random_patch,0927e819-9640-487d-a04e-f5d4732dbe0a,0.517,0.508,0.0,0.00928,4.5178948075036575e-05,205.34660820654133,1.79226253374815,76794,50,0.02
deepfool,random_patch,0a6a5956-58cf-4f17-9e39-7e0d17310f67,0.5156,0.506,0.0,0.009766,2.843580769254787e-05,343.4270306404873,1.79226253374815,120661,50,0.02
deepfool,random_patch,7e2b8ceb-9db2-4159-9e63-96d734dd1218,0.521,0.511,0.0,0.009766,2.601642945230416e-05,375.36376840807947,1.79226253374815,103862,50,0.02
deepfool,random_patch,70764772-7dbc-4ab1-a5ed-08108fa547d8,0.52,0.514,0.0,0.00586,2.3917609213830704e-05,244.98163455118896,1.79226253374815,103762,50,0.02
deepfool,random_patch,59a7bb86-70cd-4b0f-9f17-330e2a76f4aa,0.514,0.5024,0.0,0.01172,4.1428040457518375e-05,282.8700047158276,1.777664106265571,113769,50,0.02
deepfool,random_patch,6821b958-8b00-40f0-8ec2-8912d21acfaa,0.5146,0.512,0.0,0.002441,1.2884430986074332e-05,189.48498792921941,1.777664106265571,99018,50,0.02
deepfool,random_patch,1f45c8c0-4475-45e9-85e5-0cf139d0572b,0.517,0.508,0.0,0.00928,3.967683342652976e-05,233.82268564305267,1.777664106265571,103775,50,0.02
deepfool,random_patch,c3c1ef6e-055c-4f54-a7f5-d0f6eed1d2da,0.521,0.512,0.0,0.00879,3.3189655097903214e-05,264.813312272816,1.79226253374815,101735,50,0.02
deepfool,random_patch,3185ee2b-a09e-40fd-8f57-4d2802c0248d,0.518,0.5146,0.0,0.003418,1.7793578182709562e-05,192.09001779885872,1.690073546570507,98302,50,0.02
deepfool,random_patch,c8f8c1af-28f3-420d-85d6-9501a8002097,0.514,0.5063,0.0,0.007812,2.7402297367801755e-05,285.103832531422,1.79226253374815,107168,50,0.02
deepfool,random_patch,6735932c-c8ca-45d5-be56-1ff682a3182e,0.5195,0.518,0.0,0.001465,5.701576759905192e-06,256.919061450528,1.763065678782992,103820,50,0.02
deepfool,random_patch,d4a31817-cd95-46ad-b41d-9350faa087c8,0.517,0.514,0.0,0.00293,2.1859365815759224e-05,134.02435937410803,1.79226253374815,70104,50,0.02
deepfool,random_patch,8502b7bb-f681-47a1-aa45-06f6b692841a,0.5176,0.509,0.0,0.00879,2.9979834687940827e-05,293.16580932434357,1.79226253374815,113157,50,0.02
deepfool,full,0c5dc7d1-7022-4e46-bc02-ff9999912edd,0.518,0.5,0.0,0.01807,9.910065781181947e-05,182.30359563621647,1.7051287548700624,150507,50,0.02
deepfool,full,bf842c92-c6ed-4be4-b188-c05ec8bf8dc2,0.5225,0.4998,1.0,0.0227,8.771556251046713e-05,258.84891431225145,1.7784747968976136,150511,50,0.02
deepfool,full,f92ddac9-aba6-4607-ba72-6ab7e8776fef,0.52,0.4998,1.0,0.02026,0.0001574076399591237,128.73372524159615,1.7811651599639204,150509,50,0.02
deepfool,full,7f9623a6-510f-4e84-8e58-12b65a5e9dfc,0.521,0.5,0.0,0.021,0.00031256275926087114,67.17400945821129,1.4568078038715144,150477,50,0.02
deepfool,full,051e6e97-fda7-4b5c-8d5f-084bf3607d22,0.5,0.5,0.0,0.0,0.0,0.0,0.0,0,50,0.02
deepfool,full,5acc56a4-1b6e-4394-9364-9772047d583f,0.5107,0.499,1.0,0.01172,0.00010337664706848005,113.35974159815179,1.79226253374815,150330,50,0.02
deepfool,full,ad4d16e5-a851-4327-b9fe-5977da445669,0.512,0.5,0.0,0.01221,4.4871540440095336e-05,272.04395324577695,1.7934133399991548,150488,50,0.02
deepfool,full,c1f94928-371a-42d0-91ae-f959928694fe,0.5127,0.5,0.0,0.012695,7.09182512564917e-05,179.0133325957994,1.801111273280776,150498,50,0.02
deepfool,full,96f34fa9-0e56-4fdb-bfd7-781d8c453bcb,0.515,0.5,0.0,0.01514,6.34942878804401e-05,238.39496834530274,1.7961972549931464,150508,50,0.02
deepfool,full,b9201f87-a5ef-49f1-b45f-4c54272bc5d6,0.519,0.5,0.0,0.01904,6.47867158707964e-05,293.9332314255497,1.7948609584656388,150522,50,0.02
deepfool,full,33a39200-fa81-4530-ae1e-274ca204f3ea,0.5103,0.5,0.0,0.010254,4.632351329802438e-05,221.35424365522113,1.7947468669768207,150487,50,0.02
deepfool,full,427412d0-cf4c-4a13-b58e-6ffdd004c6ec,0.5156,0.5,0.0,0.01563,7.808805734013488e-05,200.09461794087102,1.7197581549212373,150494,50,0.02
deepfool,full,72848196-fd24-4106-9c33-9c29b7a66a04,0.5195,0.5,0.0,0.01953,8.797679560990054e-05,222.00456226803362,1.6910310320221482,150511,50,0.02
deepfool,full,abcb43a2-7b1d-428a-b909-e54c92acbd5b,0.516,0.4998,1.0,0.01636,8.16887720464925e-05,200.2407609319114,1.8014340486837213,150505,50,0.02
deepfool,full,9954f203-ec80-45ce-85a6-fb155368370f,0.5083,0.4988,1.0,0.00952,5.835901471122556e-05,163.15361768067888,1.79226253374815,150318,50,0.02
deepfool,full,077ff78d-27ef-49d4-9e8e-00e458844a3e,0.5166,0.5,0.0,0.0166,7.093591844787615e-05,234.0360548300999,1.7924860977375934,150462,50,0.02
deepfool,full,bf7b0977-4f77-45a7-8c03-77602f82b905,0.517,0.5,0.0,0.01709,5.2648407510364417e-05,324.6032417240577,1.821824721462162,150511,50,0.02
deepfool,full,c34a3ea0-04d7-4df6-afab-0d7c7280b749,0.5103,0.4998,1.0,0.0105,6.214538696825598e-05,168.927210634974,1.7796736518630034,150435,50,0.02
deepfool,full,e2bc24a7-e469-48e2-9d5a-6ffc8557d59e,0.5186,0.4993,1.0,0.01929,6.991364950649868e-05,275.8704417584161,1.79226253374815,150499,50,0.02
deepfool,full,175c8be2-76a4-469b-9595-ed33ecedb3cb,0.5225,0.5,0.0,0.02246,7.369018324566228e-05,304.8023021517625,1.8006483102125241,150521,50,0.02
deepfool,full,bcaf0768-3841-4280-8de4-57e822f38c7a,0.5205,0.5,0.0,0.02051,6.81526034974178e-05,300.9101845991178,1.813364533922137,150514,50,0.02
deepfool,full,6e73017c-4e3a-499b-a597-4a797bb179de,0.5244,0.5,0.0,0.02441,8.917335081713776e-05,273.7820467145242,1.8357552347928559,150522,50,0.02
deepfool,full,dc995045-8ec6-4cef-ba20-350c66732a9b,0.521,0.5,0.0,0.021,7.76458339838563e-05,270.4085032248985,1.7967249658357853,150510,50,0.02
deepfool,full,83f0d9e7-520b-41ee-a7c0-f93713784281,0.5176,0.5,0.0,0.01758,0.00012959142615792064,135.64265414660466,1.748768804033659,150485,50,0.02
deepfool,full,bfbea630-4c43-485f-b1b2-0e5715109ae3,0.4983,0.4983,1.0,0.0,0.0,0.0,0.0,0,50,0.02
deepfool,full,4a567c8b-ab4e-4c3a-a053-9a23b087545a,0.524,0.5,0.0,0.02393,0.00012970719470701262,184.4599391941778,1.793186324548954,150507,50,0.02
deepfool,full,b900d3e4-787b-44b3-9754-88f93db99c27,0.523,0.5,0.0,0.02295,0.0001019024183827558,225.20779303569998,1.7343331319940556,150503,50,0.02
deepfool,full,0983ae59-b906-4fd5-a810-edfe0580fe3b,0.5156,0.5,0.0,0.01563,5.440542982115318e-05,287.19559887349413,1.8114454969787306,150516,50,0.02
deepfool,full,e15ecf55-b05a-4f6f-bb25-d51d4a438963,0.505,0.5,0.0,0.004883,1.7456478824780942e-05,279.7134833912708,1.7348977021174428,150416,50,0.02
deepfool,full,747b1c03-c554-41ea-9d57-7b54894985f3,0.5103,0.5,0.0,0.010254,5.306789224964419e-05,193.22241405843798,1.7790382836390857,150495,50,0.02
deepfool,full,87e4af8b-1110-481d-86de-f315ca03936d,0.5186,0.4998,1.0,0.0188,8.269099138272679e-05,227.33828449540093,1.7758405191295699,150499,50,0.02
deepfool,full,878ae8b8-f206-4d82-8099-3a56f89bb9c4,0.5117,0.5,0.0,0.01172,5.089305412556114e-05,230.26226664603536,1.7924521858965243,150379,50,0.02
deepfool,full,34873b9f-5305-404e-b7f7-5105feede48a,0.5156,0.5,0.0,0.01563,7.687477895340763e-05,203.2526169434747,1.793166298717452,150513,50,0.02
deepfool,full,72a10e64-2d93-4b61-8b90-8efef7284ced,0.5195,0.4993,1.0,0.02026,0.00010888176692558797,186.1071182630586,1.7486322080538694,150463,50,0.02
deepfool,full,04e6f392-a196-447f-9b75-f5af995a36d0,0.5186,0.5,0.0,0.01855,0.0001653236916883432,112.23247744385469,1.6907096740443095,150463,50,0.02
deepfool,full,5a8415b5-f658-4d37-8144-1aa22420f84f,0.518,0.5,0.0,0.01807,0.00010948039537251999,165.01955612630107,1.7927462629823052,150480,50,0.02
deepfool,full,3874e3f6-0c79-4fc1-a874-1d761e475e53,0.5166,0.5,0.0,0.0166,3.46059833315314e-05,479.73098584161164,1.8399908837175045,150521,50,0.02
deepfool,full,2c376b9a-167a-43d3-bcc2-b4af32fb9f74,0.507,0.498,1.0,0.00879,3.962256954401049e-05,221.81959930290196,1.704671972319616,150296,50,0.02
deepfool,full,cf951660-886d-482d-99bf-2bdaedd5f4fd,0.5176,0.5,0.0,0.01758,7.079866743179043e-05,248.28327476964606,1.7928817432602895,150453,50,0.02
deepfool,full,acb5c720-f741-415c-993c-65855be08ffa,0.5234,0.5,0.0,0.02344,0.00011516076453394103,203.5198367577763,1.7932523716405053,150522,50,0.02
deepfool,full,112bf6f9-0ac8-4ca0-a84b-ea29811fd871,0.517,0.4983,1.0,0.0188,7.714736195505908e-05,243.6742831877968,1.79226253374815,150491,50,0.02
deepfool,full,e6295ee0-bb33-49e3-9376-8b78f5a3fc52,0.5166,0.5,0.0,0.0166,7.847679478120673e-05,211.54740768274723,1.804887788531115,150509,50,0.02
deepfool,full,780579a3-2dcc-4343-9c92-de8be54e2865,0.5146,0.4998,1.0,0.01489,5.32312850772845e-05,279.7711553054884,1.7987388964046709,150508,50,0.02
deepfool,full,228b3dc1-f78a-4ac9-b213-2a416583d063,0.521,0.5,0.0,0.021,8.619682953443314e-05,243.583132495038,1.7975405719621596,150492,50,0.02
deepfool,full,3a010152-9ce2-4780-bdd8-bac6fa101991,0.504,0.5,0.0,0.003906,1.586486369546824e-05,246.22020553237795,1.7933623332977213,150384,50,0.02
deepfool,full,9b6f8882-b59f-4a4d-8f48-b3f355fd70b9,0.516,0.5,0.0,0.01611,6.324676872109971e-05,254.76845023375859,1.8270633755967347,150517,50,0.02
deepfool,full,d99282ee-dc00-40d4-bb8d-5f8dba263a05,0.515,0.5,0.0,0.01514,5.3030333713633e-05,285.43510269441055,1.797920588036693,150493,50,0.02
deepfool,full,1748e4e2-5c73-4794-81fe-2c5fe4af8cdd,0.52,0.4998,1.0,0.02026,7.827912086248646e-05,258.86432615683765,1.7938770565727338,150506,50,0.02
deepfool,full,095edab1-09c6-4f83-931e-f0a33b77639c,0.4946,0.4946,1.0,0.0,0.0,0.0,0.0,0,50,0.02
deepfool,full,fd147f16-7eeb-474f-98df-c3b0c39c163c,0.5195,0.5,0.0,0.01953,7.052850641890318e-05,276.92703264250486,1.8052931807933355,150520,50,0.02
deepfool,full,f1ba6a94-27b8-4537-8a11-6c4dbc3fe428,0.5176,0.5,0.0,0.01758,6.972583002979534e-05,252.1034886467645,1.8026845910951923,150512,50,0.02
deepfool,full,42765f9e-beea-4f46-8af4-f1282095662d,0.5176,0.5,0.0,0.01758,6.573252700605619e-05,267.41897504903676,1.793931741405205,150489,50,0.02
deepfool,full,624a95b9-354b-415e-8bcc-382c6510469d,0.513,0.5,0.0,0.01318,4.893278808066539e-05,269.42249290552587,1.8099814735710236,150516,50,0.02
deepfool,full,38929efc-a8ad-42b5-9fff-8ba881a7873e,0.5254,0.4998,1.0,0.02563,0.00011184795745451095,229.1929705940968,1.80018496548711,150525,50,0.02
deepfool,full,bc7b5348-574e-49a2-a20a-719d942a9c31,0.5166,0.5,0.0,0.0166,6.474495193829822e-05,256.4147783316574,1.7822834739986628,150518,50,0.02
deepfool,full,35ffa64a-fc84-4582-95ad-40d4eab93197,0.5137,0.5,0.0,0.01367,4.3793460678667535e-05,312.18987464541357,1.79226253374815,150512,50,0.02
deepfool,full,0c89ca38-27ca-4cd0-88cb-18093fdcb04b,0.512,0.5,0.0,0.01221,5.325151198604057e-05,229.2335145839137,1.7959840709694186,150496,50,0.02
deepfool,full,e5e4f0cf-58ec-4442-a54c-96d5d29d8f0b,0.516,0.5,0.0,0.01611,3.326981783448962e-05,484.3212947491177,1.8065558589923032,150516,50,0.02
deepfool,full,ae9439c0-31a2-4b2a-946e-f9f497109c42,0.511,0.5,0.0,0.01123,5.750249719677077e-05,195.3040180323796,1.7791470029064371,150488,50,0.02
deepfool,full,17f68ac3-2385-4b13-b8c0-66ba8b343205,0.5186,0.4998,1.0,0.0188,9.638244283346731e-05,195.0441135479145,1.795769982501161,150508,50,0.02
deepfool,full,975aac17-f7e4-4b6c-a669-e73b0bb5caef,0.515,0.4998,1.0,0.01538,6.142249044243327e-05,250.41087171157784,1.7930365822123806,150486,50,0.02
deepfool,full,3d384875-3304-44de-8b8b-40a131a722ce,0.5117,0.4998,1.0,0.01196,8.0646543864408e-05,148.33730065738322,1.7488454526273838,150454,50,0.02
deepfool,full,bee78c8a-8a21-49b3-b1d5-93c93ccf300c,0.508,0.5,0.0,0.007812,3.199327874413605e-05,244.19191487562043,1.7923234093388123,150310,50,0.02
deepfool,full,be9e9eea-96d0-43a3-801e-b39bfd209ca7,0.5205,0.5,0.0,0.02051,7.512374485927697e-05,272.98709000282577,1.7964016194149743,150517,50,0.02
deepfool,full,b34524bc-e812-4067-a0e8-bd7185bfb814,0.5176,0.4998,1.0,0.01782,0.00011461270451716742,155.49991337290484,1.7636296603266997,150494,50,0.02
deepfool,full,32c41ed0-6704-465c-94d3-3073b9b4415e,0.5146,0.5,0.0,0.01465,9.494519736999618e-05,154.28308018536626,1.7200159308223606,150429,50,0.02
deepfool,full,0ca3f31a-ace5-4bd2-9900-b152cc212c8e,0.5156,0.5,0.0,0.01563,4.894627053328366e-05,319.22759036126104,1.813708293043046,150511,50,0.02
deepfool,full,072e7048-52f1-4b2b-be08-42e0ca1ba1ee,0.514,0.4998,1.0,0.014404,3.890605825402101e-05,370.2327483438194,1.8103174151109795,150504,50,0.02
deepfool,full,32c3e235-1885-4aad-b4ad-2ef8583fbb78,0.508,0.5,0.0,0.007812,3.738504915686716e-05,208.97391272230257,1.7192913645800314,150462,50,0.02
deepfool,full,49b95513-daab-49bb-bc6e-c5254ab1bc07,0.5195,0.5,0.0,0.01953,9.96585251071698e-05,195.98172838701046,1.7501447004132926,150493,50,0.02
deepfool,full,e7f182ac-e84e-4e0a-89f9-be61ea3c66c2,0.5107,0.5,0.0,0.01074,5.440817708980393e-05,197.43700439963828,1.7226529835509239,150507,50,0.02
deepfool,full,f42223b1-1a5b-45c2-a1d2-25c6df776484,0.5234,0.4998,1.0,0.02368,0.00012694244063700294,186.55416190909065,1.7778598822549792,150492,50,0.02
deepfool,full,3b75d0e1-a430-4d1e-a89e-672d25ca6953,0.5176,0.5,0.0,0.01758,0.00010649631133330452,165.0585337544723,1.7953139607880026,150517,50,0.02
deepfool,full,963b58ae-2175-4aa5-90be-c37d44809c91,0.5103,0.5,0.0,0.010254,4.695627908608619e-05,218.37135414268408,1.748467253033883,150507,50,0.02
deepfool,full,4206173d-0db2-4f32-80fb-0bd99d5532e1,0.5244,0.5,0.0,0.02441,0.00012688507832537183,192.410824195782,1.7943357747147988,150491,50,0.02
deepfool,full,b97b78b8-bcb0-4694-aa55-d3ca9c4396df,0.5244,0.5,0.0,0.02441,9.631124604399611e-05,253.49129516904242,1.7953503414843501,150519,50,0.02
deepfool,full,9a4b8ac5-0371-4bc0-a609-32ad46806f7c,0.5195,0.5,0.0,0.01953,8.50019981141632e-05,229.77401040524063,1.7973241734621377,150509,50,0.02
deepfool,full,3ef164d4-0e03-4695-bc05-bad84b526960,0.499,0.499,1.0,0.0,0.0,0.0,0.0,0,50,0.02
deepfool,full,bc6dd946-0b3f-445f-8d78-3cc39a0b14ae,0.523,0.5,0.0,0.02295,8.84016164364125e-05,259.6017999922367,1.7999938528782515,150504,50,0.02
deepfool,full,78228039-bc86-44ce-8a13-57cf49ccf493,0.506,0.5,0.0,0.00586,2.7260783514439553e-05,214.93787941288574,1.7782657207894068,150452,50,0.02
deepfool,full,af31012f-209d-41cf-a2f4-4ef1105067c9,0.512,0.4998,1.0,0.01245,7.319696450168751e-05,170.10503043443796,1.7958619082027145,150482,50,0.02
deepfool,full,0a15acdd-248c-47ff-abfc-d33f8a0cf417,0.5166,0.5,0.0,0.0166,7.039205259869623e-05,235.84427341451848,1.7951432098909246,150504,50,0.02
deepfool,full,b3e8a708-d8e1-434e-92ca-5d5e79aca86e,0.5205,0.4998,1.0,0.02075,9.371399075341441e-05,221.43922115820018,1.7971009406693625,150508,50,0.02
deepfool,full,c60a0502-26cb-40a1-8343-43625a3c4e3f,0.5176,0.5,0.0,0.01758,7.964878150055568e-05,220.69546662281172,1.795367413628869,150506,50,0.02
deepfool,full,be8c0087-ae1c-4b60-acb0-4b2e6157eadb,0.5083,0.4998,1.0,0.008545,2.829345330990284e-05,302.0105669365677,1.8015427998455344,150468,50,0.02
deepfool,full,42da1a6f-7984-4d82-b10a-603b8e3724c5,0.515,0.5,0.0,0.01514,6.291494901060784e-05,240.5901774921364,1.793036083494535,150453,50,0.02
deepfool,full,85727853-cb45-478d-a517-a0f0c85d0eb5,0.5254,0.5,0.0,0.02539,0.00010479040268303717,242.2991452351979,1.7822166680497367,150515,50,0.02
deepfool,full,8c2aa2bb-ac88-4f14-a322-72d7e23749e8,0.522,0.5,0.0,0.02197,0.0001742384868304012,126.10678988302496,1.7643573393571577,150506,50,0.02
deepfool,full,5df1e543-92ca-42f2-94a8-7446f944a1ba,0.5073,0.5,0.0,0.007324,3.1612846796449314e-05,231.68488421316462,1.8052320103141717,150515,50,0.02
deepfool,full,32e8b837-8656-47e1-87ec-b365c7670984,0.5103,0.4998,1.0,0.0105,5.620391151302807e-05,186.78498687772847,1.6933469634344962,150517,50,0.02
deepfool,full,fb10f71b-fd9d-43cc-a310-c5b48b7d22c8,0.5137,0.5,0.0,0.01367,5.6059423763467784e-05,243.88183255549174,1.7950693490177467,150453,50,0.02
deepfool,full,9bc684ec-12a8-4c76-85a3-29a75d550968,0.5146,0.5,0.0,0.01465,9.956422622416012e-05,147.12550937748148,1.7371979604662078,150480,50,0.02
deepfool,full,39919c47-0f93-417f-96fb-1aa8a6d6e7ab,0.5215,0.5,0.0,0.02148,7.699103731064826e-05,279.0503381912311,1.8279297524384468,150523,50,0.02
deepfool,full,0d77cf1a-64d4-4f8a-938b-9b838d549090,0.5176,0.5,0.0,0.01758,5.921728714341387e-05,296.84110582162765,1.7932104996214941,150513,50,0.02
deepfool,full,9e6239f2-9352-4bad-a19a-22538ddd0e27,0.514,0.5,0.0,0.01416,6.853456290395745e-05,206.61335900191452,1.7953023319573416,150410,50,0.02
deepfool,full,9efa04ab-254a-4047-8f2f-91e5fe93062f,0.5225,0.4998,1.0,0.0227,0.00011792931736072925,192.53124356150605,1.7978702065136096,150525,50,0.02
deepfool,full,342bd0cf-b337-40e9-8512-eb170292e2f2,0.5195,0.5,0.0,0.01953,7.73733922899463e-05,252.42850831763394,1.748696996342044,150507,50,0.02
deepfool,full,67bc7433-4582-493a-af6b-82d0383d9c32,0.513,0.4998,1.0,0.01343,5.273872808726451e-05,254.60861233237017,1.723947312167531,150488,50,0.02
deepfool,full,49f0fa25-89cd-41a7-9c70-4d7d8d9be572,0.522,0.5,0.0,0.02197,0.0001298230953678362,169.25074992585266,1.796803946833408,150502,50,0.02
deepfool,full,c1273696-fdec-48a9-988c-74e57b6323fa,0.5024,0.5,0.0,0.002441,6.637510169526454e-06,367.8195871009572,1.7979974849462659,150376,50,0.02
deepfool,full,2fba3da2-e622-477e-a8fe-8fcc06550b25,0.514,0.5,0.0,0.01416,5.573388076339527e-05,254.06729363699225,1.7950816366344504,150503,50,0.02
deepfool,full,bf99f510-56e1-421b-ad0f-ad10f4cdd3a3,0.5205,0.5,0.0,0.02051,8.88743013230816e-05,230.75075914869848,1.7927589055487456,150475,50,0.02
deepfool,full,3e3babaa-b242-4dac-a549-9c87dec28ead,0.511,0.5,0.0,0.01123,3.300478200784002e-05,340.26792684169965,1.795734638657555,150507,50,0.02
deepfool,full,b7fe2048-abe7-4f69-b82a-ed93c354a8aa,0.517,0.5,0.0,0.01709,8.291285624091172e-05,206.1181404668366,1.7957959216912347,150506,50,0.02
deepfool,full,b829950f-6e68-4f84-9d7c-65a0aa3d0cab,0.515,0.4998,1.0,0.01538,8.570190948080107e-05,179.46927282394563,1.7948571655971775,150429,50,0.02
deepfool,full,01a7353d-25bb-4ff8-916b-f50dd541dccf,0.5146,0.5,0.0,0.01465,5.784559794719794e-05,253.23340097189052,1.7934005237186061,150510,50,0.02
deepfool,full,453a9434-2ca7-4a28-b6f3-833b994e6e73,0.5186,0.5,0.0,0.01855,8.169826226408366e-05,227.112388745875,1.790333953513513,150517,50,0.02
deepfool,full,df6fce59-efa3-41a1-bdf7-1ff27cad394f,0.517,0.5,0.0,0.01709,7.897583762803774e-05,216.39332057103832,1.7935022142134742,150489,50,0.02
deepfool,full,fdfce1ff-203e-4b23-a360-3803558a7f7a,0.5205,0.5,0.0,0.02051,0.00012504516380883665,164.0032439007474,1.7961712816228057,150505,50,0.02
deepfool,full,3b1a0e72-4870-4927-8171-293f1a767bde,0.516,0.5,0.0,0.01611,7.119102347155124e-05,226.33866551626613,1.8033416566607354,150504,50,0.02
deepfool,full,13932109-fbd1-4b6b-b81c-91682740cc50,0.518,0.5,0.0,0.01807,0.00010239610728743013,176.43645571665027,1.711086917989888,150483,50,0.02
deepfool,full,3817e718-4a42-4d67-a34a-ab1a4b9d52b3,0.503,0.4998,1.0,0.003174,1.7801902334727463e-05,178.28589693083327,1.7791630707894561,150334,50,0.02
deepfool,full,bf3ef845-34ab-4b80-81e7-ac7a3b23485a,0.509,0.5,0.0,0.00879,2.3590902427827357e-05,372.5615214022796,1.7925611533241366,150408,50,0.02
deepfool,full,b7b51f82-2aa9-4375-a84f-25c52eeb0b40,0.516,0.4998,1.0,0.01636,5.351428754335835e-05,305.6645734321277,1.798947027467737,150507,50,0.02
deepfool,full,dd033b96-06ce-4587-b781-e0e2dd4026ac,0.523,0.5,0.0,0.02295,0.00019256242766148843,119.17807137546859,1.7340860036527113,150483,50,0.02
deepfool,full,8917b2df-a22a-4da0-935c-397926ad5a1a,0.513,0.5,0.0,0.01318,6.76099823501466e-05,194.9947817031979,1.7795508293741817,150489,50,0.02
deepfool,full,a81ed846-615a-4432-8e34-67b1169ebea5,0.5283,0.5,0.0,0.02832,0.00011881574244826576,238.35488391736433,1.7996968732938874,150522,50,0.02
deepfool,full,3f25e62e-b79f-4cdd-8607-adc010808d4c,0.5103,0.5,0.0,0.010254,3.14026750183725e-05,326.5297062650493,1.8081598467816633,150503,50,0.02
deepfool,full,b435cc3a-cc81-4361-ac91-235b4150265e,0.514,0.4998,1.0,0.014404,6.881167945771011e-05,209.32924450949338,1.7830837622137972,150502,50,0.02
deepfool,full,38b147a7-352b-4adb-88b5-2449d362acae,0.52,0.5,0.0,0.02002,7.714072444587624e-05,259.51961681763527,1.7938898126274085,150497,50,0.02
deepfool,full,b6271674-f13d-4087-ae03-d6ae35381dfc,0.5176,0.5,0.0,0.01758,6.39163938574039e-05,275.0174710822587,1.794153372163313,150504,50,0.02
deepfool,full,059f1e59-573c-49d1-ac78-3323a2ff047f,0.506,0.5,0.0,0.00586,1.973105360274956e-05,296.9620942586753,1.792716251849088,150416,50,0.02
deepfool,full,d20338e0-8ae9-4a30-9a0e-8225aae32073,0.516,0.4998,1.0,0.01636,5.278074277497721e-05,309.91268812206016,1.8174941354046494,150507,50,0.02
deepfool,full,94399962-8f89-4dfa-a93f-7a3df88feca5,0.522,0.5,0.0,0.02197,0.00012618243258781124,174.13403592015274,1.485695565281341,150509,50,0.02
deepfool,full,d759f178-2451-47bc-80c0-2efe67588693,0.5176,0.5,0.0,0.01758,0.00012202598590770327,144.05230876049055,1.766421518940437,150505,50,0.02
deepfool,full,baf8fe18-a7ca-4e9c-b3dc-5c80d474545b,0.5195,0.5,0.0,0.01953,7.444191727306997e-05,262.3689812771814,1.8139885280940675,150514,50,0.02
deepfool,full,9708b405-8887-4824-b354-f7c245eedfc3,0.522,0.4998,1.0,0.02222,7.794792569436448e-05,285.02101468784514,1.7966718973478188,150520,50,0.02
deepfool,full,f7856767-112d-4ff6-8b20-1188c0c47a1a,0.5205,0.5,0.0,0.02051,8.767252175195374e-05,233.91379749683392,1.7947685783237066,150503,50,0.02
deepfool,full,4fd86b92-7ee7-44b7-8b94-7bafbedfaedd,0.5205,0.5,0.0,0.02051,0.00011007532605330033,186.30707929013099,1.7938521986046527,150474,50,0.02
deepfool,full,b23184fc-0e6e-4802-a451-da82e2ac6e9a,0.5195,0.5,0.0,0.01953,6.332862212059961e-05,308.41109983685504,1.8254097768887887,150504,50,0.02
deepfool,full,1923df31-e23a-4ee4-86f8-35d124af2f61,0.521,0.5,0.0,0.021,0.00012955880329281968,162.05841066045136,1.7497455799777615,150493,50,0.02
deepfool,full,b6d61fae-fa1f-4328-b065-033ee168cd98,0.5073,0.5,0.0,0.007324,3.291145962088228e-05,222.54311519576842,1.7940550643546416,150432,50,0.02
deepfool,full,6ccf77da-c917-4fc1-8bf7-f0e7bfd3acf4,0.5205,0.5,0.0,0.02051,0.00012777811008241437,160.49550651120978,1.7934580351690577,150503,50,0.02
deepfool,full,b5017804-ddc0-44fa-8d64-15628c25e031,0.512,0.5,0.0,0.01221,3.930332024735223e-05,310.58524248798864,1.7952204016732451,150495,50,0.02
deepfool,full,37f025d9-05c0-4e27-9a75-2e6a2085fa30,0.4976,0.4976,1.0,0.0,0.0,0.0,0.0,0,50,0.02
deepfool,full,2456fcb4-82bd-4fa9-8ef2-8e1250c3ff50,0.517,0.4998,1.0,0.01733,7.850153724566943e-05,220.81076348821716,1.7643814511842955,150491,50,0.02
deepfool,full,b090dd7d-b4d9-4ebe-b36d-95f83510e955,0.5166,0.5,0.0,0.0166,9.333170059402057e-05,177.87699563389594,1.7345775965713857,150505,50,0.02
deepfool,full,67b8ef8a-5285-4eec-88c8-8f4fe53f0f6e,0.52,0.4998,1.0,0.02026,8.114634102621726e-05,249.71762889027397,1.7831657986292357,150505,50,0.02
deepfool,full,aafca7fa-b482-4e37-bbc4-96da4b744847,0.517,0.5,0.0,0.01709,7.27437902250548e-05,234.93199483282336,1.7829803814785259,150518,50,0.02
deepfool,full,0808c4af-9ed6-46e3-a936-2cafb0004e6a,0.5234,0.4998,1.0,0.02368,9.08193906607536e-05,260.75533486623044,1.7950852011951755,150519,50,0.02
deepfool,full,01f3abc2-33c7-4ea2-a599-dc49b76fcfae,0.525,0.5,0.0,0.0249,0.00010129380728627377,245.84270663860767,1.7938958973957624,150501,50,0.02
deepfool,full,eb3d5fed-558d-4aba-b13e-f7917c49c79b,0.5234,0.5,0.0,0.02344,0.00014616204053990463,160.35285161566662,1.797885103630642,150518,50,0.02
deepfool,full,2278d9f3-e7bf-4e36-a194-aaf5bdb20762,0.5127,0.4998,1.0,0.01294,5.572329814198492e-05,232.20903205464592,1.7738155707254488,150474,50,0.02
deepfool,full,ae06ef31-ae55-4e3c-9460-ae5c3733bedb,0.5166,0.5,0.0,0.0166,7.216173042704448e-05,230.0604822117253,1.7946172145959354,150503,50,0.02
deepfool,full,6365ff26-72cf-4428-8610-66aab9c787c9,0.518,0.4998,1.0,0.01831,8.055231397354582e-05,227.31248763639294,1.8030139139527355,150516,50,0.02
deepfool,full,261341d3-1df2-4cf4-b9a8-b1e02a124900,0.5137,0.5,0.0,0.01367,7.007082487816713e-05,195.11508567325592,1.780907339841464,150512,50,0.02
deepfool,full,361c09b7-beb1-4be9-bb4b-c6400c293a19,0.5195,0.5,0.0,0.01953,5.69073747350126e-05,343.2112286039828,1.7969122154875614,150512,50,0.02
deepfool,full,1d1c3fb7-71d6-4104-8a93-320e4959bbdb,0.523,0.5,0.0,0.02295,7.507118597558502e-05,305.699429828016,1.7562057005401877,150514,50,0.02
deepfool,full,3fa13d7f-8b18-443d-8dfe-2b098bfec24a,0.524,0.5,0.0,0.02393,0.00010394685492005539,230.17320983267496,1.792308980235556,150507,50,0.02
deepfool,full,755c7169-e84a-4327-a4d6-b0ff906a88f8,0.5234,0.5,0.0,0.02344,0.00010935671975021613,214.32153462942645,1.8064173724468995,150516,50,0.02
deepfool,full,5b684669-0ee0-44ff-851b-e2f6146c7e30,0.511,0.5,0.0,0.01123,6.34766513834916e-05,176.922829175673,1.7052262556563273,150480,50,0.02
deepfool,full,ada5d3a7-098d-4691-ba53-e633cfd3b86f,0.514,0.5,0.0,0.01416,6.347382912582287e-05,223.08652943082848,1.7973318859537266,150489,50,0.02
deepfool,full,339907f7-5f76-40b4-8476-9c3460417d16,0.522,0.4998,1.0,0.02222,0.00014804502353699402,150.0678397877247,1.7949666869364114,150495,50,0.02
deepfool,full,48ea9943-604a-4f7f-bf84-22ef754c5e2b,0.522,0.5,0.0,0.02197,8.040520744026997e-05,273.27404466332126,1.7816522525549507,150495,50,0.02
deepfool,full,6f0d2ff9-c0dc-48c3-a944-1f18dc185e1f,0.5137,0.5,0.0,0.01367,6.90789675614732e-05,197.91660880198657,1.7924497454843786,150300,50,0.02
deepfool,full,a0c22f32-1156-4c62-894a-19ce51aee219,0.517,0.5,0.0,0.01709,8.154343348374783e-05,209.57964386661115,1.7663660629986302,150519,50,0.02
deepfool,full,f655a822-225d-4fe0-a69f-0886f91c5f2b,0.524,0.4998,1.0,0.02417,7.254528217541524e-05,333.1701407657555,1.8068082108994958,150525,50,0.02
deepfool,full,3bf6bb05-9ec6-4c32-a8c4-fdd7704c188c,0.522,0.4998,1.0,0.02222,0.00010402830815331855,213.56491582287634,1.772967336322662,150516,50,0.02
deepfool,full,ec4cf99b-0d23-4aa5-abac-3f8ae0257eb9,0.5195,0.4998,1.0,0.01978,0.0001189620203512114,166.23280745760303,1.7209273940836727,150518,50,0.02
deepfool,full,fd45f813-2237-4639-b340-2e1b97737da6,0.523,0.5,0.0,0.02295,7.772914521619766e-05,295.24599409129246,1.7929442520736558,150519,50,0.02
deepfool,full,04e9f692-f3d6-496b-ae0c-905137cc1f84,0.5225,0.5,0.0,0.02246,9.510236178359394e-05,236.17644270663845,1.8005268931549316,150526,50,0.02
deepfool,full,b4198862-dc25-4cff-acd5-b0b954bd3a03,0.5127,0.4998,1.0,0.01294,7.528503802031035e-05,171.8728377444181,1.795608378387019,150461,50,0.02
deepfool,full,3f350a20-291b-4a3c-8e7b-72b885f19ec9,0.5254,0.5,0.0,0.02539,0.00012430865933411205,204.2546765025674,1.7932186585944045,150514,50,0.02
deepfool,full,17477206-a644-49de-83a8-b32d5ba9ba5b,0.5176,0.5,0.0,0.01758,6.058900591096916e-05,290.12070317218604,1.795179220128701,150508,50,0.02
deepfool,full,a7cc220e-bef4-4d27-a921-7773ebef1282,0.5156,0.5,0.0,0.01563,5.782652815684383e-05,270.20470530483504,1.7544935574513638,150515,50,0.02
deepfool,full,a4a95682-8ee5-42a1-a957-a4e8a924da2f,0.519,0.4998,1.0,0.01929,0.00011110721034631595,173.5900785716059,1.7564150521513524,150505,50,0.02
deepfool,full,b9a014f0-6ab0-449a-be4d-1911473dde10,0.513,0.4998,1.0,0.01343,5.9455397867166356e-05,225.8455053047551,1.794379452467099,150512,50,0.02
deepfool,full,35dd41bb-baee-48e7-a450-95532043dc36,0.5195,0.4998,1.0,0.01978,9.276772974618717e-05,213.17100977007692,1.7864676227332394,150504,50,0.02
deepfool,full,26950e98-3b48-4d7c-b2d0-daa4249be551,0.5195,0.4998,1.0,0.01978,7.545915425749504e-05,262.06748298244014,1.798039329543741,150491,50,0.02
deepfool,full,e6dc5d04-2f76-425f-99d7-cae3aa095122,0.516,0.4998,1.0,0.01636,5.717931538586436e-05,286.0723631271742,1.7948240316251303,150505,50,0.02
deepfool,full,abc07cd4-2d0f-4ad8-a516-b45d035dadb1,0.5146,0.4998,1.0,0.01489,9.548054903730682e-05,155.97499463714084,1.7930948430123332,150485,50,0.02
deepfool,full,b489923b-d8be-4e8d-8620-bea0343a2f67,0.5137,0.5,0.0,0.01367,4.31725037985805e-05,316.68015048082066,1.8262965882172977,150509,50,0.02
deepfool,full,073102b7-565c-460a-9b69-13e2f34c4ee9,0.518,0.5,0.0,0.01807,7.60935154843649e-05,237.42372966000246,1.7934025365417692,150494,50,0.02
deepfool,full,5bfdc9ee-e21d-46e5-bbfc-20cea10c3175,0.5146,0.5,0.0,0.01465,7.384433501264824e-05,198.3691436418587,1.719270398068725,150485,50,0.02
deepfool,full,c7024796-39ed-4eda-906d-65a1fb5d5c52,0.518,0.5,0.0,0.01807,8.21877024399551e-05,219.81885017867634,1.6928285739385618,150518,50,0.02
deepfool,full,baf86877-7802-4dff-8870-cf2f38bc082a,0.522,0.4998,1.0,0.02222,0.00010241483590350723,216.92947782397442,1.7948024088467398,150501,50,0.02
deepfool,full,fc0912c2-0cfc-420e-8c77-0fae34451d7e,0.516,0.5,0.0,0.01611,8.29084977639209e-05,194.3501774094729,1.7907527199275386,150517,50,0.02
deepfool,full,b539db75-809d-4c0c-8b9f-b0e934ed740e,0.512,0.4998,1.0,0.01245,5.570936867035906e-05,223.50229721895457,1.8129277842095792,150514,50,0.02
deepfool,full,b3db4730-7c2d-4b91-b09b-2346fef7dc58,0.516,0.4998,1.0,0.01636,9.606593043531784e-05,170.2728719736177,1.769833243103289,150499,50,0.02
deepfool,full,86459db9-dc9d-42f5-818d-9525684d5406,0.5176,0.4998,1.0,0.01782,4.863784479370225e-05,366.42794721079605,1.804907451784456,150504,50,0.02
deepfool,full,43605721-d0e0-4d58-b212-b05a295b21be,0.5176,0.4998,1.0,0.01782,4.7662791499239765e-05,373.9240834185644,1.8043623872234376,150515,50,0.02
deepfool,full,bd7e6f9f-2933-496e-b180-4799292c6afc,0.4968,0.4968,1.0,0.0,0.0,0.0,0.0,0,50,0.02
deepfool,full,8eb51db4-ac8d-4a83-b071-53fce028dd27,0.516,0.4998,1.0,0.01636,7.370952048876055e-05,221.91735566584146,1.7939555350277472,150463,50,0.02
deepfool,full,0927e819-9640-487d-a04e-f5d4732dbe0a,0.517,0.4998,1.0,0.01733,8.44033521550021e-05,205.37080496901427,1.795911685140616,150403,50,0.02
deepfool,full,0a6a5956-58cf-4f17-9e39-7e0d17310f67,0.5156,0.5,0.0,0.01563,4.548895886213982e-05,343.48994548102746,1.798554566875079,150507,50,0.02
deepfool,full,0ff5bf5b-6af7-4537-90d0-1c47058d0627,0.519,0.4998,1.0,0.01929,8.58145965928673e-05,224.75324874678665,1.7932335405663362,150508,50,0.02
deepfool,full,7e2b8ceb-9db2-4159-9e63-96d734dd1218,0.521,0.5,0.0,0.021,5.5931076942787737e-05,375.39226664485165,1.7980048094604986,150500,50,0.02
deepfool,full,3f9d98ed-1a89-436c-a528-8d34b10a8530,0.5093,0.5,0.0,0.00928,5.108931201841456e-05,181.5906964287402,1.7797955343434877,150474,50,0.02
deepfool,full,6d2371e4-f8cd-4f6f-bf9e-1e8773b3960a,0.5215,0.4998,1.0,0.02173,9.349621883003925e-05,232.3999397618839,1.7936725145732346,150488,50,0.02
deepfool,full,70764772-7dbc-4ab1-a5ed-08108fa547d8,0.52,0.5,0.0,0.02002,8.164680712199689e-05,245.19674381473718,1.7979659815218298,150517,50,0.02
deepfool,full,59a7bb86-70cd-4b0f-9f17-330e2a76f4aa,0.514,0.498,1.0,0.01611,5.696346879384155e-05,282.8704359235301,1.777664106265571,150479,50,0.02
deepfool,full,6821b958-8b00-40f0-8ec2-8912d21acfaa,0.5146,0.5,0.0,0.01465,7.718655107071262e-05,189.7796610423533,1.787490383257033,150514,50,0.02
deepfool,full,53d4697b-98ba-4dbc-892e-a602baec576b,0.514,0.5,0.0,0.01416,5.588292836448754e-05,253.38966056116095,1.7658698072622234,150511,50,0.02
deepfool,full,1f45c8c0-4475-45e9-85e5-0cf139d0572b,0.517,0.5,0.0,0.01709,7.303898931147926e-05,233.98247854154883,1.7988337609180263,150499,50,0.02
deepfool,full,c3c1ef6e-055c-4f54-a7f5-d0f6eed1d2da,0.521,0.5,0.0,0.021,7.924884662240101e-05,264.93879272777474,1.8003049680551584,150495,50,0.02
deepfool,full,3185ee2b-a09e-40fd-8f57-4d2802c0248d,0.518,0.4998,1.0,0.01831,9.522173773410792e-05,192.2937693615419,1.6917494748460025,150505,50,0.02
deepfool,full,c8f8c1af-28f3-420d-85d6-9501a8002097,0.514,0.4998,1.0,0.014404,5.0511907423317786e-05,285.1663619387581,1.7968528419732404,150502,50,0.02
deepfool,full,6735932c-c8ca-45d5-be56-1ff682a3182e,0.5195,0.5,0.0,0.01953,7.597405816275458e-05,257.0778825240539,1.7647751895307602,150502,50,0.02
deepfool,full,d4a31817-cd95-46ad-b41d-9350faa087c8,0.517,0.4998,1.0,0.01733,0.00012927276770077306,134.08844478235469,1.7937041706567138,150484,50,0.02
deepfool,full,8502b7bb-f681-47a1-aa45-06f6b692841a,0.5176,0.5,0.0,0.01758,5.995480588103574e-05,293.18959074406035,1.7945604097922072,150505,50,0.02
